1.8420 	WARNING 	Requested audio device 'Headphones (Space Travel 2)' that is not available on this hardware. The 'audioDevice' preference should be one of ['Speakers (Realtek(R) Audio)']
5.0549 	INFO 	Loaded monitor calibration from ['2025_12_27 10:38', '2025_12_27 13:43']
5.3533 	INFO 	Using renderer 'Intel(R) UHD Graphics 770' for graphics
5.3533 	INFO 	OpenGL version supported by driver is 4..
5.3687 	EXP 	Created window1 = Window(allowGUI=False, allowStencil=True, autoLog=True, backendConf=UNKNOWN, backgroundFit=<method-wrapper '__getattribute__' of attributeSetter object at 0x0000022F310673D0>, backgroundImage=<method-wrapper '__getattribute__' of attributeSetter object at 0x0000022F31067430>, bitsMode=UNKNOWN, blendMode='avg', bpc=(8, 8, 8), color=array([0, 0, 0]), colorSpace='rgb', depthBits=8, fullscr=True, gamma=None, gammaErrorPolicy='raise', infoMsg=UNKNOWN, lms=UNKNOWN, monitor=<psychopy.monitors.calibTools.Monitor object at 0x0000022F31157310>, multiSample=False, name='window1', numSamples=2, pos=[np.float64(0.0), np.float64(0.0)], screen=0, size=array([1920, 1080]), stencilBits=8, stereo=False, title='PsychoPy', units='height', useFBO=True, useRetina=False, viewOri=0.0, viewPos=None, viewScale=None, waitBlanking=True, winType='pyglet')
5.3688 	EXP 	window1: backgroundImage = ''
5.3688 	EXP 	window1: backgroundFit = 'none'
5.6120 	EXP 	window1: Attempting to measure frame rate of screen (0) ...
5.6121 	EXP 	window1: recordFrameIntervals = False
5.7006 	EXP 	window1: recordFrameIntervals = True
5.8110 	EXP 	Screen (0) actual frame rate measured at 99.99Hz
5.8110 	EXP 	window1: recordFrameIntervals = False
5.8971 	INFO 	keyboard.Keyboard is using ptb backend.
5.8972 	INFO 	keyboard.Keyboard is using ptb backend.
5.8973 	INFO 	keyboard.Keyboard is using ptb backend.
5.8973 	INFO 	keyboard.Keyboard is using ptb backend.
5.8974 	INFO 	keyboard.Keyboard is using ptb backend.
5.8974 	INFO 	keyboard.Keyboard is using ptb backend.
5.8974 	INFO 	keyboard.Keyboard is using ptb backend.
5.8975 	INFO 	keyboard.Keyboard is using ptb backend.
5.8975 	INFO 	keyboard.Keyboard is using ptb backend.
5.8976 	INFO 	keyboard.Keyboard is using ptb backend.
5.8976 	INFO 	keyboard.Keyboard is using ptb backend.
5.8976 	INFO 	keyboard.Keyboard is using ptb backend.
5.8976 	INFO 	keyboard.Keyboard is using ptb backend.
5.8977 	INFO 	keyboard.Keyboard is using ptb backend.
5.8977 	EXP 	retrieval_30min: status = STARTED
5.9628 	EXP 	Created text = TextStim(__class__=<class 'psychopy.visual.text.TextStim'>, alignHoriz=method-wrapper(...), alignText='center', alignVert=method-wrapper(...), anchorHoriz='center', anchorVert='center', antialias=True, autoDraw=False, autoLog=True, bold=False, color=array([1., 1., 1.]), colorSpace='rgb', contrast=1.0, depth=0.0, draggable=False, flipHoriz=False, flipVert=False, font='Arial', fontFiles=[], height=np.float64(0.04), italic=False, languageStyle='LTR', name='text', opacity=1, ori=0.0, pos=array([0., 0.]), rgb=UNKNOWN, text=str(...), units='height', win=Window(...), wrapWidth=1)
5.9719 	EXP 	Created text_3 = TextStim(__class__=<class 'psychopy.visual.text.TextStim'>, alignHoriz=method-wrapper(...), alignText='center', alignVert=method-wrapper(...), anchorHoriz='center', anchorVert='center', antialias=True, autoDraw=False, autoLog=True, bold=False, color=array([1., 1., 1.]), colorSpace='rgb', contrast=1.0, depth=0.0, draggable=False, flipHoriz=False, flipVert=False, font='Arial', fontFiles=[], height=np.float64(0.04), italic=False, languageStyle='LTR', name='text_3', opacity=1, ori=0.0, pos=array([0., 0.]), rgb=UNKNOWN, text=str(...), units='height', win=Window(...), wrapWidth=1)
5.9763 	EXP 	Created prac_inst = TextStim(__class__=<class 'psychopy.visual.text.TextStim'>, alignHoriz=method-wrapper(...), alignText='center', alignVert=method-wrapper(...), anchorHoriz='center', anchorVert='center', antialias=True, autoDraw=False, autoLog=True, bold=False, color=array([1., 1., 1.]), colorSpace='rgb', contrast=1.0, depth=0.0, draggable=False, flipHoriz=False, flipVert=False, font='Arial', fontFiles=[], height=np.float64(0.04), italic=False, languageStyle='LTR', name='prac_inst', opacity=1, ori=0.0, pos=array([0., 0.]), rgb=UNKNOWN, text=str(...), units='height', win=Window(...), wrapWidth=1)
5.9767 	EXP 	Created recall_prompt_2 = TextStim(__class__=<class 'psychopy.visual.text.TextStim'>, alignHoriz=method-wrapper(...), alignText='center', alignVert=method-wrapper(...), anchorHoriz='center', anchorVert='center', antialias=True, autoDraw=False, autoLog=True, bold=False, color=array([1., 1., 1.]), colorSpace='rgb', contrast=1.0, depth=0.0, draggable=False, flipHoriz=False, flipVert=False, font='Arial', fontFiles=[], height=0.04, italic=False, languageStyle='LTR', name='recall_prompt_2', opacity=1, ori=0.0, pos=array([0. , 0.2]), rgb=UNKNOWN, text='', units='height', win=Window(...), wrapWidth=1)
5.9911 	EXP 	Created recog_prompt_2 = TextStim(__class__=<class 'psychopy.visual.text.TextStim'>, alignHoriz=method-wrapper(...), alignText='center', alignVert=method-wrapper(...), anchorHoriz='center', anchorVert='center', antialias=True, autoDraw=False, autoLog=True, bold=False, color=array([1., 1., 1.]), colorSpace='rgb', contrast=1.0, depth=0.0, draggable=False, flipHoriz=False, flipVert=False, font='Arial', fontFiles=[], height=0.04, italic=False, languageStyle='LTR', name='recog_prompt_2', opacity=1, ori=0.0, pos=array([0., 0.]), rgb=UNKNOWN, text='', units='height', win=Window(...), wrapWidth=1)
5.9957 	EXP 	Created source_prompt_2 = TextStim(__class__=<class 'psychopy.visual.text.TextStim'>, alignHoriz=method-wrapper(...), alignText='center', alignVert=method-wrapper(...), anchorHoriz='center', anchorVert='center', antialias=True, autoDraw=False, autoLog=True, bold=False, color=array([1., 1., 1.]), colorSpace='rgb', contrast=1.0, depth=-1.0, draggable=False, flipHoriz=False, flipVert=False, font='Arial', fontFiles=[], height=np.float64(0.04), italic=False, languageStyle='LTR', name='source_prompt_2', opacity=1, ori=0.0, pos=array([0., 0.]), rgb=UNKNOWN, text=str(...), units='height', win=Window(...), wrapWidth=1)
5.9992 	EXP 	Created rk_prompt_2 = TextStim(__class__=<class 'psychopy.visual.text.TextStim'>, alignHoriz=method-wrapper(...), alignText='center', alignVert=method-wrapper(...), anchorHoriz='center', anchorVert='center', antialias=True, autoDraw=False, autoLog=True, bold=False, color=array([1., 1., 1.]), colorSpace='rgb', contrast=1.0, depth=-1.0, draggable=False, flipHoriz=False, flipVert=False, font='Arial', fontFiles=[], height=np.float64(0.04), italic=False, languageStyle='LTR', name='rk_prompt_2', opacity=1, ori=0.0, pos=array([0., 0.]), rgb=UNKNOWN, text=str(...), units='height', win=Window(...), wrapWidth=1)
6.0035 	EXP 	Created text_4 = TextStim(__class__=<class 'psychopy.visual.text.TextStim'>, alignHoriz=method-wrapper(...), alignText='center', alignVert=method-wrapper(...), anchorHoriz='center', anchorVert='center', antialias=True, autoDraw=False, autoLog=True, bold=False, color=array([1., 1., 1.]), colorSpace='rgb', contrast=1.0, depth=0.0, draggable=False, flipHoriz=False, flipVert=False, font='Arial', fontFiles=[], height=np.float64(0.04), italic=False, languageStyle='LTR', name='text_4', opacity=1, ori=0.0, pos=array([0., 0.]), rgb=UNKNOWN, text=str(...), units='height', win=Window(...), wrapWidth=1)
6.0041 	EXP 	Created recall_prompt = TextStim(__class__=<class 'psychopy.visual.text.TextStim'>, alignHoriz=method-wrapper(...), alignText='center', alignVert=method-wrapper(...), anchorHoriz='center', anchorVert='center', antialias=True, autoDraw=False, autoLog=True, bold=False, color=array([1., 1., 1.]), colorSpace='rgb', contrast=1.0, depth=0.0, draggable=False, flipHoriz=False, flipVert=False, font='Arial', fontFiles=[], height=np.float64(0.04), italic=False, languageStyle='LTR', name='recall_prompt', opacity=1, ori=0.0, pos=array([0. , 0.2]), rgb=UNKNOWN, text='', units='height', win=Window(...), wrapWidth=1)
6.0097 	EXP 	Created recog_prompt = TextStim(__class__=<class 'psychopy.visual.text.TextStim'>, alignHoriz=method-wrapper(...), alignText='center', alignVert=method-wrapper(...), anchorHoriz='center', anchorVert='center', antialias=True, autoDraw=False, autoLog=True, bold=False, color=array([1., 1., 1.]), colorSpace='rgb', contrast=1.0, depth=0.0, draggable=False, flipHoriz=False, flipVert=False, font='Arial', fontFiles=[], height=0.04, italic=False, languageStyle='LTR', name='recog_prompt', opacity=1, ori=0.0, pos=array([0., 0.]), rgb=UNKNOWN, text='', units='height', win=Window(...), wrapWidth=1)
6.0131 	EXP 	Created source_prompt = TextStim(__class__=<class 'psychopy.visual.text.TextStim'>, alignHoriz=method-wrapper(...), alignText='center', alignVert=method-wrapper(...), anchorHoriz='center', anchorVert='center', antialias=True, autoDraw=False, autoLog=True, bold=False, color=array([1., 1., 1.]), colorSpace='rgb', contrast=1.0, depth=-1.0, draggable=False, flipHoriz=False, flipVert=False, font='Arial', fontFiles=[], height=np.float64(0.04), italic=False, languageStyle='LTR', name='source_prompt', opacity=1, ori=0.0, pos=array([0., 0.]), rgb=UNKNOWN, text=str(...), units='height', win=Window(...), wrapWidth=1)
6.0165 	EXP 	Created rk_prompt = TextStim(__class__=<class 'psychopy.visual.text.TextStim'>, alignHoriz=method-wrapper(...), alignText='center', alignVert=method-wrapper(...), anchorHoriz='center', anchorVert='center', antialias=True, autoDraw=False, autoLog=True, bold=False, color=array([1., 1., 1.]), colorSpace='rgb', contrast=1.0, depth=-1.0, draggable=False, flipHoriz=False, flipVert=False, font='Arial', fontFiles=[], height=np.float64(0.04), italic=False, languageStyle='LTR', name='rk_prompt', opacity=1, ori=0.0, pos=array([0., 0.]), rgb=UNKNOWN, text=str(...), units='height', win=Window(...), wrapWidth=1)
6.0197 	EXP 	Created text_2 = TextStim(__class__=<class 'psychopy.visual.text.TextStim'>, alignHoriz=method-wrapper(...), alignText='center', alignVert=method-wrapper(...), anchorHoriz='center', anchorVert='center', antialias=True, autoDraw=False, autoLog=True, bold=False, color=array([1., 1., 1.]), colorSpace='rgb', contrast=1.0, depth=0.0, draggable=False, flipHoriz=False, flipVert=False, font='Arial', fontFiles=[], height=np.float64(0.04), italic=False, languageStyle='LTR', name='text_2', opacity=1, ori=0.0, pos=array([0., 0.]), rgb=UNKNOWN, text=str(...), units='height', win=Window(...), wrapWidth=1)
0.0018 	EXP 	typed_response_2: autoLog = True
0.0018 	EXP 	typed_response: autoLog = True
0.0042 	INFO 	Keyboard events cleared
0.0042 	EXP 	text: autoDraw = True
4.2870 	EXP 	Device response: <KeyPress from None: t=4.278503699999419, value=space, duration=None>
4.2895 	DATA 	Keypress: space
4.2919 	INFO 	Keyboard events cleared
4.2918 	EXP 	text: autoDraw = False
4.2918 	EXP 	text_3: autoDraw = True
4.3914 	EXP 	Device response: <KeyPress from None: t=4.278503699999419, value=space, duration=0.11203530000057071>
4.9910 	EXP 	Device response: <KeyPress from None: t=4.98285030000261, value=space, duration=None>
4.9938 	DATA 	Keypress: space
5.0002 	INFO 	Keyboard events cleared
5.0002 	EXP 	text_3: autoDraw = False
5.0002 	EXP 	prac_inst: autoDraw = True
5.1005 	EXP 	Device response: <KeyPress from None: t=4.98285030000261, value=space, duration=0.11148690000118222>
6.1205 	EXP 	Device response: <KeyPress from None: t=6.118538400005491, value=space, duration=None>
6.1257 	EXP 	Imported practice_retrieval.csv as conditions, 6 conditions, 4 params
6.1259 	EXP 	New trial (rep=0, index=0): <Trial 0 (0 in rep 0) data={'definition': 'A hot drink in a mug', 'word': 'COFFEE', 'old_new': 'new', 'correct_old_new': 'no', 'thisN': 0, 'thisTrialN': 0, 'thisRepN': 0}>
6.1284 	DATA 	Keypress: space
6.1302 	EXP 	prac_inst: autoDraw = False
6.1302 	EXP 	recall_prompt_2: height = np.float64(0.04)
6.1302 	EXP 	recall_prompt_2: height = np.float64(0.04)
6.1302 	EXP 	recall_prompt_2: height = np.float64(0.04)
6.1302 	EXP 	recall_prompt_2: text = 'A hot drink in a mug\n\nType the word below and press ENTER to submit.'
6.1302 	EXP 	recall_prompt_2: text = 'A hot drink in a mug\n\nType the word below and press ENTER to submit.'
6.2412 	EXP 	Device response: <KeyPress from None: t=6.118538400005491, value=space, duration=0.11999989999458194>
6.6200 	INFO 	Keyboard events cleared
6.6200 	EXP 	recall_prompt_2: autoDraw = True
6.6200 	EXP 	typed_response_2: autoDraw = True
8.9825 	DATA 	Keypress: c
8.9919 	EXP 	Device response: <KeyPress from None: t=8.98220880000008, value=c, duration=None>
9.0499 	EXP 	Device response: <KeyPress from None: t=9.046255400004156, value=o, duration=None>
9.0519 	DATA 	Keypress: o
9.1199 	EXP 	Device response: <KeyPress from None: t=8.98220880000008, value=c, duration=0.13617430000158492>
9.1399 	EXP 	Device response: <KeyPress from None: t=9.046255400004156, value=o, duration=0.08806639999966137>
9.2197 	EXP 	Device response: <KeyPress from None: t=9.214313700002094, value=f, duration=None>
9.2216 	DATA 	Keypress: f
9.3197 	EXP 	Device response: <KeyPress from None: t=9.214313700002094, value=f, duration=0.09589579999737907>
9.3899 	EXP 	Device response: <KeyPress from None: t=9.382215700003144, value=f, duration=None>
9.3919 	DATA 	Keypress: f
9.5297 	EXP 	Device response: <KeyPress from None: t=9.526361100004578, value=e, duration=None>
9.5318 	DATA 	Keypress: e
9.5398 	EXP 	Device response: <KeyPress from None: t=9.382215700003144, value=f, duration=0.15195649999805028>
9.6497 	EXP 	Device response: <KeyPress from None: t=9.526361100004578, value=e, duration=0.12008969999442343>
10.3428 	DATA 	Keypress: e
10.3501 	EXP 	Device response: <KeyPress from None: t=10.342516500000784, value=e, duration=None>
10.4497 	EXP 	Device response: <KeyPress from None: t=10.342516500000784, value=e, duration=0.10378579999814974>
10.9921 	DATA 	Keypress: return
10.9995 	EXP 	Device response: <KeyPress from None: t=10.990430500001821, value=return, duration=None>
11.0094 	EXP 	recall_prompt_2: autoDraw = False
11.0094 	EXP 	typed_response_2: autoDraw = False
11.0094 	EXP 	recog_prompt_2: height = np.float64(0.04)
11.0094 	EXP 	recog_prompt_2: height = np.float64(0.04)
11.0094 	EXP 	recog_prompt_2: height = np.float64(0.04)
11.0094 	EXP 	recog_prompt_2: text = "A hot drink in a mug\n\nDid you see or hear this definition earlier?\n\nPress 'Y' for YES\nPress 'N' for NO"
11.0094 	EXP 	recog_prompt_2: text = "A hot drink in a mug\n\nDid you see or hear this definition earlier?\n\nPress 'Y' for YES\nPress 'N' for NO"
11.1299 	EXP 	Device response: <KeyPress from None: t=10.990430500001821, value=return, duration=0.13622269999905257>
11.5002 	INFO 	Keyboard events cleared
11.5000 	EXP 	recog_prompt_2: autoDraw = True
13.8097 	EXP 	Device response: <KeyPress from None: t=13.80659580000065, value=n, duration=None>
13.8105 	EXP 	New trial (rep=0, index=1): <Trial 1 (1 in rep 0) data={'definition': 'A wooden box with strings', 'word': 'GUITAR', 'old_new': 'old', 'correct_old_new': 'yes', 'thisN': 1, 'thisTrialN': 1, 'thisRepN': 0}>
13.8167 	DATA 	Keypress: n
13.8211 	EXP 	recog_prompt_2: autoDraw = False
13.8211 	EXP 	source_prompt_2: autoDraw = False
13.8211 	EXP 	rk_prompt_2: autoDraw = False
13.8211 	EXP 	recall_prompt_2: height = np.float64(0.04)
13.8211 	EXP 	recall_prompt_2: height = np.float64(0.04)
13.8211 	EXP 	recall_prompt_2: height = np.float64(0.04)
13.8211 	EXP 	recall_prompt_2: text = 'A wooden box with strings\n\nType the word below and press ENTER to submit.'
13.8211 	EXP 	recall_prompt_2: text = 'A wooden box with strings\n\nType the word below and press ENTER to submit.'
13.9000 	EXP 	Device response: <KeyPress from None: t=13.80659580000065, value=n, duration=0.08818600000086008>
14.3091 	INFO 	Keyboard events cleared
14.3090 	EXP 	recall_prompt_2: autoDraw = True
14.3090 	EXP 	typed_response_2: autoDraw = True
15.6737 	DATA 	Keypress: g
15.6799 	EXP 	Device response: <KeyPress from None: t=15.670371899999736, value=g, duration=None>
15.7790 	EXP 	Device response: <KeyPress from None: t=15.670371899999736, value=g, duration=0.10393970000586705>
15.8890 	EXP 	Device response: <KeyPress from None: t=15.886371700005839, value=u, duration=None>
15.8919 	DATA 	Keypress: u
15.9792 	EXP 	Device response: <KeyPress from None: t=15.974314600003709, value=i, duration=None>
15.9826 	DATA 	Keypress: i
15.9991 	EXP 	Device response: <KeyPress from None: t=15.886371700005839, value=u, duration=0.11194769999565324>
16.0889 	EXP 	Device response: <KeyPress from None: t=15.974314600003709, value=i, duration=0.11193079999793554>
16.1510 	DATA 	Keypress: t
16.1597 	EXP 	Device response: <KeyPress from None: t=16.150209999999788, value=t, duration=None>
16.2991 	EXP 	Device response: <KeyPress from None: t=16.150209999999788, value=t, duration=0.1440130000046338>
16.3591 	EXP 	Device response: <KeyPress from None: t=16.358422500001325, value=a, duration=None>
16.3619 	DATA 	Keypress: a
16.4712 	DATA 	Keypress: r
16.4789 	EXP 	Device response: <KeyPress from None: t=16.470347900001798, value=r, duration=None>
16.5189 	EXP 	Device response: <KeyPress from None: t=16.358422500001325, value=a, duration=0.15996509999968112>
16.6289 	EXP 	Device response: <KeyPress from None: t=16.470347900001798, value=r, duration=0.15192519999982323>
17.2488 	EXP 	Device response: <KeyPress from None: t=17.24645690000034, value=return, duration=None>
17.2530 	DATA 	Keypress: return
17.2586 	EXP 	recall_prompt_2: autoDraw = False
17.2586 	EXP 	typed_response_2: autoDraw = False
17.2586 	EXP 	recog_prompt_2: height = np.float64(0.04)
17.2586 	EXP 	recog_prompt_2: height = np.float64(0.04)
17.2586 	EXP 	recog_prompt_2: height = np.float64(0.04)
17.2586 	EXP 	recog_prompt_2: text = "A wooden box with strings\n\nDid you see or hear this definition earlier?\n\nPress 'Y' for YES\nPress 'N' for NO"
17.2586 	EXP 	recog_prompt_2: text = "A wooden box with strings\n\nDid you see or hear this definition earlier?\n\nPress 'Y' for YES\nPress 'N' for NO"
17.3891 	EXP 	Device response: <KeyPress from None: t=17.24645690000034, value=return, duration=0.13608570000360487>
17.7488 	INFO 	Keyboard events cleared
17.7487 	EXP 	recog_prompt_2: autoDraw = True
18.9491 	EXP 	Device response: <KeyPress from None: t=18.9428665000014, value=n, duration=None>
18.9499 	EXP 	New trial (rep=0, index=2): <Trial 2 (2 in rep 0) data={'definition': 'A yellow curved fruit', 'word': 'BANANA', 'old_new': 'old', 'correct_old_new': 'yes', 'thisN': 2, 'thisTrialN': 2, 'thisRepN': 0}>
18.9552 	DATA 	Keypress: n
18.9582 	EXP 	recog_prompt_2: autoDraw = False
18.9582 	EXP 	source_prompt_2: autoDraw = False
18.9582 	EXP 	rk_prompt_2: autoDraw = False
18.9582 	EXP 	recall_prompt_2: height = np.float64(0.04)
18.9582 	EXP 	recall_prompt_2: height = np.float64(0.04)
18.9582 	EXP 	recall_prompt_2: height = np.float64(0.04)
18.9582 	EXP 	recall_prompt_2: text = 'A yellow curved fruit\n\nType the word below and press ENTER to submit.'
18.9582 	EXP 	recall_prompt_2: text = 'A yellow curved fruit\n\nType the word below and press ENTER to submit.'
19.0692 	EXP 	Device response: <KeyPress from None: t=18.9428665000014, value=n, duration=0.11972280000190949>
19.4504 	INFO 	Keyboard events cleared
19.4503 	EXP 	recall_prompt_2: autoDraw = True
19.4503 	EXP 	typed_response_2: autoDraw = True
21.1682 	EXP 	Device response: <KeyPress from None: t=21.166346500001964, value=b, duration=None>
21.1709 	DATA 	Keypress: b
21.2984 	EXP 	Device response: <KeyPress from None: t=21.294247700003325, value=a, duration=None>
21.3004 	DATA 	Keypress: a
21.3282 	EXP 	Device response: <KeyPress from None: t=21.166346500001964, value=b, duration=0.15991940000094473>
21.4783 	EXP 	Device response: <KeyPress from None: t=21.294247700003325, value=a, duration=0.17599989999871468>
21.4984 	EXP 	Device response: <KeyPress from None: t=21.49421319999965, value=n, duration=None>
21.5004 	DATA 	Keypress: n
21.6182 	EXP 	Device response: <KeyPress from None: t=21.49421319999965, value=n, duration=0.1200137000050745>
21.9181 	EXP 	Device response: <KeyPress from None: t=21.910346700002265, value=a, duration=None>
21.9202 	DATA 	Keypress: a
22.0183 	EXP 	Device response: <KeyPress from None: t=22.014416600002733, value=n, duration=None>
22.0217 	DATA 	Keypress: n
22.0481 	EXP 	Device response: <KeyPress from None: t=21.910346700002265, value=a, duration=0.12813440000172704>
22.1281 	EXP 	Device response: <KeyPress from None: t=22.014416600002733, value=n, duration=0.10402379999868572>
22.1381 	EXP 	Device response: <KeyPress from None: t=22.134210000003804, value=a, duration=None>
22.1404 	DATA 	Keypress: a
22.2380 	EXP 	Device response: <KeyPress from None: t=22.134210000003804, value=a, duration=0.09610629999951925>
22.6802 	DATA 	Keypress: return
22.6881 	EXP 	Device response: <KeyPress from None: t=22.678661400001147, value=return, duration=None>
22.6978 	EXP 	recall_prompt_2: autoDraw = False
22.6978 	EXP 	typed_response_2: autoDraw = False
22.6978 	EXP 	recog_prompt_2: height = np.float64(0.04)
22.6978 	EXP 	recog_prompt_2: height = np.float64(0.04)
22.6978 	EXP 	recog_prompt_2: height = np.float64(0.04)
22.6978 	EXP 	recog_prompt_2: text = "A yellow curved fruit\n\nDid you see or hear this definition earlier?\n\nPress 'Y' for YES\nPress 'N' for NO"
22.6978 	EXP 	recog_prompt_2: text = "A yellow curved fruit\n\nDid you see or hear this definition earlier?\n\nPress 'Y' for YES\nPress 'N' for NO"
22.8086 	EXP 	Device response: <KeyPress from None: t=22.678661400001147, value=return, duration=0.12814880000223638>
23.1881 	INFO 	Keyboard events cleared
23.1880 	EXP 	recog_prompt_2: autoDraw = True
24.6081 	EXP 	Device response: <KeyPress from None: t=24.606625300002634, value=y, duration=None>
24.6090 	DATA 	Keypress: y
24.6177 	EXP 	recog_prompt_2: autoDraw = False
24.7282 	EXP 	Device response: <KeyPress from None: t=24.606625300002634, value=y, duration=0.12025110000104178>
25.1078 	INFO 	Keyboard events cleared
25.1077 	EXP 	source_prompt_2: autoDraw = True
26.5583 	EXP 	Device response: <KeyPress from None: t=26.550610900005267, value=v, duration=None>
26.5593 	DATA 	Keypress: v
26.5682 	EXP 	source_prompt_2: autoDraw = False
26.6781 	EXP 	Device response: <KeyPress from None: t=26.550610900005267, value=v, duration=0.12030489999597194>
27.0579 	INFO 	Keyboard events cleared
27.0575 	EXP 	rk_prompt_2: autoDraw = True
28.3479 	EXP 	Device response: <KeyPress from None: t=28.342708399999538, value=2, duration=None>
28.3483 	EXP 	New trial (rep=0, index=3): <Trial 3 (3 in rep 0) data={'definition': 'A large vehicle for many people', 'word': 'BUS', 'old_new': 'new', 'correct_old_new': 'no', 'thisN': 3, 'thisTrialN': 3, 'thisRepN': 0}>
28.3554 	DATA 	Keypress: 2
28.3619 	EXP 	rk_prompt_2: autoDraw = False
28.3619 	EXP 	recall_prompt_2: height = np.float64(0.04)
28.3619 	EXP 	recall_prompt_2: height = np.float64(0.04)
28.3619 	EXP 	recall_prompt_2: height = np.float64(0.04)
28.3619 	EXP 	recall_prompt_2: text = 'A large vehicle for many people\n\nType the word below and press ENTER to submit.'
28.3619 	EXP 	recall_prompt_2: text = 'A large vehicle for many people\n\nType the word below and press ENTER to submit.'
28.4381 	EXP 	Device response: <KeyPress from None: t=28.342708399999538, value=2, duration=0.08783100000437116>
28.8475 	INFO 	Keyboard events cleared
28.8474 	EXP 	recall_prompt_2: autoDraw = True
28.8474 	EXP 	typed_response_2: autoDraw = True
31.2411 	DATA 	Keypress: b
31.2469 	EXP 	Device response: <KeyPress from None: t=31.2383925000031, value=b, duration=None>
31.3571 	EXP 	Device response: <KeyPress from None: t=31.2383925000031, value=b, duration=0.11186610000004293>
31.3669 	EXP 	Device response: <KeyPress from None: t=31.366284600000654, value=u, duration=None>
31.3703 	DATA 	Keypress: u
31.4773 	EXP 	Device response: <KeyPress from None: t=31.366284600000654, value=u, duration=0.10420940000039991>
31.5272 	EXP 	Device response: <KeyPress from None: t=31.52655610000511, value=s, duration=None>
31.5296 	DATA 	Keypress: s
31.6071 	EXP 	Device response: <KeyPress from None: t=31.52655610000511, value=s, duration=0.07982880000054138>
31.7468 	EXP 	Device response: <KeyPress from None: t=31.742511600001308, value=return, duration=None>
31.7518 	DATA 	Keypress: return
31.7566 	EXP 	recall_prompt_2: autoDraw = False
31.7566 	EXP 	typed_response_2: autoDraw = False
31.7566 	EXP 	recog_prompt_2: height = np.float64(0.04)
31.7566 	EXP 	recog_prompt_2: height = np.float64(0.04)
31.7566 	EXP 	recog_prompt_2: height = np.float64(0.04)
31.7566 	EXP 	recog_prompt_2: text = "A large vehicle for many people\n\nDid you see or hear this definition earlier?\n\nPress 'Y' for YES\nPress 'N' for NO"
31.7566 	EXP 	recog_prompt_2: text = "A large vehicle for many people\n\nDid you see or hear this definition earlier?\n\nPress 'Y' for YES\nPress 'N' for NO"
31.8373 	EXP 	Device response: <KeyPress from None: t=31.742511600001308, value=return, duration=0.08800280000286875>
32.2469 	INFO 	Keyboard events cleared
32.2468 	EXP 	recog_prompt_2: autoDraw = True
32.5973 	EXP 	Device response: <KeyPress from None: t=32.5906513000009, value=n, duration=None>
32.5979 	EXP 	New trial (rep=0, index=4): <Trial 4 (4 in rep 0) data={'definition': 'A sweet red fruit with seeds', 'word': 'APPLE', 'old_new': 'old', 'correct_old_new': 'yes', 'thisN': 4, 'thisTrialN': 4, 'thisRepN': 0}>
32.6038 	DATA 	Keypress: n
32.6066 	EXP 	recog_prompt_2: autoDraw = False
32.6066 	EXP 	source_prompt_2: autoDraw = False
32.6066 	EXP 	rk_prompt_2: autoDraw = False
32.6066 	EXP 	recall_prompt_2: height = np.float64(0.04)
32.6066 	EXP 	recall_prompt_2: height = np.float64(0.04)
32.6066 	EXP 	recall_prompt_2: height = np.float64(0.04)
32.6066 	EXP 	recall_prompt_2: text = 'A sweet red fruit with seeds\n\nType the word below and press ENTER to submit.'
32.6066 	EXP 	recall_prompt_2: text = 'A sweet red fruit with seeds\n\nType the word below and press ENTER to submit.'
32.6976 	EXP 	Device response: <KeyPress from None: t=32.5906513000009, value=n, duration=0.09632520000013756>
33.0966 	INFO 	Keyboard events cleared
33.0966 	EXP 	recall_prompt_2: autoDraw = True
33.0966 	EXP 	typed_response_2: autoDraw = True
34.2795 	DATA 	Keypress: a
34.2866 	EXP 	Device response: <KeyPress from None: t=34.278209800002514, value=a, duration=None>
34.3965 	EXP 	Device response: <KeyPress from None: t=34.278209800002514, value=a, duration=0.11196970000310102>
34.4566 	EXP 	Device response: <KeyPress from None: t=34.45429560000048, value=p, duration=None>
34.4589 	DATA 	Keypress: p
34.5570 	EXP 	Device response: <KeyPress from None: t=34.45429560000048, value=p, duration=0.09607430000323802>
34.6366 	EXP 	Device response: <KeyPress from None: t=34.63021310000477, value=p, duration=None>
34.6388 	DATA 	Keypress: p
34.7266 	EXP 	Device response: <KeyPress from None: t=34.63021310000477, value=p, duration=0.08805559999746038>
34.8385 	DATA 	Keypress: l
34.8475 	EXP 	Device response: <KeyPress from None: t=34.838290899999265, value=l, duration=None>
34.9267 	EXP 	Device response: <KeyPress from None: t=34.838290899999265, value=l, duration=0.08013660000142409>
34.9302 	DATA 	Keypress: e
34.9369 	EXP 	Device response: <KeyPress from None: t=34.926466900004016, value=e, duration=None>
35.0166 	EXP 	Device response: <KeyPress from None: t=34.926466900004016, value=e, duration=0.0802895999950124>
35.3186 	DATA 	Keypress: return
35.3265 	EXP 	Device response: <KeyPress from None: t=35.318392300003325, value=return, duration=None>
35.3363 	EXP 	recall_prompt_2: autoDraw = False
35.3363 	EXP 	typed_response_2: autoDraw = False
35.3363 	EXP 	recog_prompt_2: height = np.float64(0.04)
35.3363 	EXP 	recog_prompt_2: height = np.float64(0.04)
35.3363 	EXP 	recog_prompt_2: height = np.float64(0.04)
35.3363 	EXP 	recog_prompt_2: text = "A sweet red fruit with seeds\n\nDid you see or hear this definition earlier?\n\nPress 'Y' for YES\nPress 'N' for NO"
35.3363 	EXP 	recog_prompt_2: text = "A sweet red fruit with seeds\n\nDid you see or hear this definition earlier?\n\nPress 'Y' for YES\nPress 'N' for NO"
35.4368 	EXP 	Device response: <KeyPress from None: t=35.318392300003325, value=return, duration=0.11212369999702787>
35.8265 	INFO 	Keyboard events cleared
35.8264 	EXP 	recog_prompt_2: autoDraw = True
36.8366 	EXP 	Device response: <KeyPress from None: t=36.83058130000427, value=y, duration=None>
36.8374 	DATA 	Keypress: y
36.8461 	EXP 	recog_prompt_2: autoDraw = False
36.9666 	EXP 	Device response: <KeyPress from None: t=36.83058130000427, value=y, duration=0.12794790000043577>
37.3358 	INFO 	Keyboard events cleared
37.3358 	EXP 	source_prompt_2: autoDraw = True
38.1466 	EXP 	Device response: <KeyPress from None: t=38.14273959999991, value=a, duration=None>
38.1475 	DATA 	Keypress: a
38.1560 	EXP 	source_prompt_2: autoDraw = False
38.2565 	EXP 	Device response: <KeyPress from None: t=38.14273959999991, value=a, duration=0.11180250000325032>
38.6462 	INFO 	Keyboard events cleared
38.6460 	EXP 	rk_prompt_2: autoDraw = True
40.0063 	EXP 	Device response: <KeyPress from None: t=39.99853210000583, value=1, duration=None>
40.0067 	EXP 	New trial (rep=0, index=5): <Trial 5 (5 in rep 0) data={'definition': 'A cold winter blanket', 'word': 'SNOW', 'old_new': 'new', 'correct_old_new': 'no', 'thisN': 5, 'thisTrialN': 5, 'thisRepN': 0}>
40.0127 	DATA 	Keypress: 1
40.0175 	EXP 	rk_prompt_2: autoDraw = False
40.0175 	EXP 	recall_prompt_2: height = np.float64(0.04)
40.0175 	EXP 	recall_prompt_2: height = np.float64(0.04)
40.0175 	EXP 	recall_prompt_2: height = np.float64(0.04)
40.0175 	EXP 	recall_prompt_2: text = 'A cold winter blanket\n\nType the word below and press ENTER to submit.'
40.0175 	EXP 	recall_prompt_2: text = 'A cold winter blanket\n\nType the word below and press ENTER to submit.'
40.1366 	EXP 	Device response: <KeyPress from None: t=39.99853210000583, value=1, duration=0.127956099997391>
40.5056 	INFO 	Keyboard events cleared
40.5055 	EXP 	recall_prompt_2: autoDraw = True
40.5055 	EXP 	typed_response_2: autoDraw = True
45.1291 	DATA 	Keypress: n
45.1352 	EXP 	Device response: <KeyPress from None: t=45.12632519999897, value=n, duration=None>
45.2153 	EXP 	Device response: <KeyPress from None: t=45.21422050000547, value=o, duration=None>
45.2174 	DATA 	Keypress: o
45.2754 	EXP 	Device response: <KeyPress from None: t=45.12632519999897, value=n, duration=0.1440188000051421>
45.2953 	EXP 	Device response: <KeyPress from None: t=45.21422050000547, value=o, duration=0.07225949999701697>
48.6962 	DATA 	Keypress: backspace
48.7047 	EXP 	Device response: <KeyPress from None: t=48.69467319999967, value=backspace, duration=None>
48.8248 	EXP 	Device response: <KeyPress from None: t=48.69467319999967, value=backspace, duration=0.12774190000345698>
48.8948 	EXP 	Device response: <KeyPress from None: t=48.894408200001635, value=backspace, duration=None>
48.8971 	DATA 	Keypress: backspace
49.0148 	EXP 	Device response: <KeyPress from None: t=48.894408200001635, value=backspace, duration=0.11181829999986803>
50.5986 	DATA 	Keypress: i
50.6046 	EXP 	Device response: <KeyPress from None: t=50.59831720000511, value=i, duration=None>
50.7046 	EXP 	Device response: <KeyPress from None: t=50.59831720000511, value=i, duration=0.10394449999876088>
50.7266 	DATA 	Keypress: g
50.7345 	EXP 	Device response: <KeyPress from None: t=50.72634900000412, value=g, duration=None>
50.8347 	EXP 	Device response: <KeyPress from None: t=50.72634900000412, value=g, duration=0.10418029999709688>
51.1449 	EXP 	Device response: <KeyPress from None: t=51.14231149999978, value=o, duration=None>
51.1471 	DATA 	Keypress: o
51.2246 	EXP 	Device response: <KeyPress from None: t=51.14231149999978, value=o, duration=0.0721110000013141>
51.5945 	EXP 	Device response: <KeyPress from None: t=51.590322600000945, value=backspace, duration=None>
51.5990 	DATA 	Keypress: backspace
51.7145 	EXP 	Device response: <KeyPress from None: t=51.590322600000945, value=backspace, duration=0.120058100001188>
52.2865 	DATA 	Keypress: backspace
52.2943 	EXP 	Device response: <KeyPress from None: t=52.2862191000022, value=backspace, duration=None>
52.4144 	EXP 	Device response: <KeyPress from None: t=52.2862191000022, value=backspace, duration=0.12002260000008391>
52.4743 	EXP 	Device response: <KeyPress from None: t=52.47029450000264, value=backspace, duration=None>
52.4768 	DATA 	Keypress: backspace
52.5843 	EXP 	Device response: <KeyPress from None: t=52.47029450000264, value=backspace, duration=0.11196870000276249>
52.6244 	EXP 	Device response: <KeyPress from None: t=52.622420800005784, value=s, duration=None>
52.6279 	DATA 	Keypress: s
52.7145 	EXP 	Device response: <KeyPress from None: t=52.622420800005784, value=s, duration=0.08798049999313662>
52.7263 	DATA 	Keypress: n
52.7345 	EXP 	Device response: <KeyPress from None: t=52.72619280000072, value=n, duration=None>
52.8444 	EXP 	Device response: <KeyPress from None: t=52.72619280000072, value=n, duration=0.11218970000481931>
53.0244 	EXP 	Device response: <KeyPress from None: t=53.02246130000276, value=o, duration=None>
53.0276 	DATA 	Keypress: o
53.0944 	EXP 	Device response: <KeyPress from None: t=53.02246130000276, value=o, duration=0.06391469999653054>
53.2348 	EXP 	Device response: <KeyPress from None: t=53.23061289999896, value=w, duration=None>
53.2369 	DATA 	Keypress: w
53.3345 	EXP 	Device response: <KeyPress from None: t=53.23061289999896, value=w, duration=0.09579560000565834>
53.4474 	DATA 	Keypress: return
53.4542 	EXP 	Device response: <KeyPress from None: t=53.446398000000045, value=return, duration=None>
53.4639 	EXP 	recall_prompt_2: autoDraw = False
53.4639 	EXP 	typed_response_2: autoDraw = False
53.4639 	EXP 	recog_prompt_2: height = np.float64(0.04)
53.4639 	EXP 	recog_prompt_2: height = np.float64(0.04)
53.4639 	EXP 	recog_prompt_2: height = np.float64(0.04)
53.4639 	EXP 	recog_prompt_2: text = "A cold winter blanket\n\nDid you see or hear this definition earlier?\n\nPress 'Y' for YES\nPress 'N' for NO"
53.4639 	EXP 	recog_prompt_2: text = "A cold winter blanket\n\nDid you see or hear this definition earlier?\n\nPress 'Y' for YES\nPress 'N' for NO"
53.5444 	EXP 	Device response: <KeyPress from None: t=53.446398000000045, value=return, duration=0.09611920000315877>
53.9541 	INFO 	Keyboard events cleared
53.9540 	EXP 	recog_prompt_2: autoDraw = True
54.8543 	EXP 	Device response: <KeyPress from None: t=54.84678140000324, value=n, duration=None>
54.8571 	DATA 	Keypress: n
54.8639 	INFO 	Keyboard events cleared
54.8638 	EXP 	recog_prompt_2: autoDraw = False
54.8638 	EXP 	source_prompt_2: autoDraw = False
54.8638 	EXP 	rk_prompt_2: autoDraw = False
54.8638 	EXP 	text_4: autoDraw = True
54.9343 	EXP 	Device response: <KeyPress from None: t=54.84678140000324, value=n, duration=0.07992740000190679>
56.8152 	DATA 	Keypress: space
56.8240 	EXP 	Device response: <KeyPress from None: t=56.81467800000246, value=space, duration=None>
56.8289 	EXP 	Imported retrieval_30min.csv as conditions, 72 conditions, 4 params
56.8292 	EXP 	New trial (rep=0, index=0): <Trial 0 (0 in rep 0) data={'definition': 'A metal pillow for trains', 'word': 'RAIL', 'old_new': 'new', 'correct_old_new': 'no', 'thisN': 0, 'thisTrialN': 0, 'thisRepN': 0}>
56.8333 	EXP 	text_4: autoDraw = False
56.8333 	EXP 	recall_prompt: text = ''
56.8333 	EXP 	recall_prompt: height = np.float64(0.04)
56.8333 	EXP 	recall_prompt: height = np.float64(0.04)
56.8333 	EXP 	recall_prompt: height = np.float64(0.04)
56.8333 	EXP 	recall_prompt: text = 'A metal pillow for trains\n\nType the word below and press ENTER to submit.'
56.9644 	EXP 	Device response: <KeyPress from None: t=56.81467800000246, value=space, duration=0.14380379999784054>
57.3236 	INFO 	Keyboard events cleared
57.3235 	EXP 	recall_prompt: autoDraw = True
57.3235 	EXP 	typed_response: autoDraw = True
61.7434 	EXP 	Device response: <KeyPress from None: t=61.7427250000037, value=r, duration=None>
61.7482 	DATA 	Keypress: r
61.8633 	EXP 	Device response: <KeyPress from None: t=61.7427250000037, value=r, duration=0.1117591000001994>
61.9534 	EXP 	Device response: <KeyPress from None: t=61.950541500002146, value=a, duration=None>
61.9562 	DATA 	Keypress: a
62.0560 	DATA 	Keypress: i
62.0633 	EXP 	Device response: <KeyPress from None: t=62.05429440000444, value=i, duration=None>
62.0732 	EXP 	Device response: <KeyPress from None: t=61.950541500002146, value=a, duration=0.11975830000301357>
62.1631 	EXP 	Device response: <KeyPress from None: t=62.05429440000444, value=i, duration=0.10392699999647448>
62.2833 	EXP 	Device response: <KeyPress from None: t=62.27839940000558, value=l, duration=None>
62.2862 	DATA 	Keypress: l
62.3530 	EXP 	Device response: <KeyPress from None: t=62.27839940000558, value=l, duration=0.07181239999772515>
62.3630 	EXP 	Device response: <KeyPress from None: t=62.358183900003496, value=s, duration=None>
62.3651 	DATA 	Keypress: s
62.4533 	EXP 	Device response: <KeyPress from None: t=62.358183900003496, value=s, duration=0.08840899999631802>
62.7529 	EXP 	Device response: <KeyPress from None: t=62.75050610000471, value=return, duration=None>
62.7571 	DATA 	Keypress: return
62.7627 	EXP 	recall_prompt: autoDraw = False
62.7627 	EXP 	typed_response: autoDraw = False
62.7627 	EXP 	recog_prompt: height = np.float64(0.04)
62.7627 	EXP 	recog_prompt: height = np.float64(0.04)
62.7627 	EXP 	recog_prompt: height = np.float64(0.04)
62.7627 	EXP 	recog_prompt: text = "A metal pillow for trains\n\nDid you see or hear this definition earlier?\n\nPress 'Y' for YES\nPress 'N' for NO"
62.7627 	EXP 	recog_prompt: text = "A metal pillow for trains\n\nDid you see or hear this definition earlier?\n\nPress 'Y' for YES\nPress 'N' for NO"
62.8635 	EXP 	Device response: <KeyPress from None: t=62.75050610000471, value=return, duration=0.10387869999976829>
63.2530 	INFO 	Keyboard events cleared
63.2528 	EXP 	recog_prompt: autoDraw = True
64.5832 	EXP 	Device response: <KeyPress from None: t=64.57487590000528, value=n, duration=None>
64.5838 	EXP 	New trial (rep=0, index=1): <Trial 1 (1 in rep 0) data={'definition': 'A portable mountain', 'word': 'BACKPACK', 'old_new': 'old', 'correct_old_new': 'yes', 'thisN': 1, 'thisTrialN': 1, 'thisRepN': 0}>
64.5912 	DATA 	Keypress: n
64.5933 	EXP 	recog_prompt: autoDraw = False
64.5933 	EXP 	source_prompt: autoDraw = False
64.5933 	EXP 	rk_prompt: autoDraw = False
64.5933 	EXP 	recall_prompt: height = np.float64(0.04)
64.5933 	EXP 	recall_prompt: height = np.float64(0.04)
64.5933 	EXP 	recall_prompt: height = np.float64(0.04)
64.5933 	EXP 	recall_prompt: text = ''
64.5933 	EXP 	recall_prompt: height = np.float64(0.04)
64.5933 	EXP 	recall_prompt: height = np.float64(0.04)
64.5933 	EXP 	recall_prompt: height = np.float64(0.04)
64.5933 	EXP 	recall_prompt: text = 'A portable mountain\n\nType the word below and press ENTER to submit.'
64.6836 	EXP 	Device response: <KeyPress from None: t=64.57487590000528, value=n, duration=0.10377059999882476>
65.0824 	INFO 	Keyboard events cleared
65.0823 	EXP 	recall_prompt: autoDraw = True
65.0823 	EXP 	typed_response: autoDraw = True
67.4922 	EXP 	Device response: <KeyPress from None: t=67.48633540000446, value=b, duration=None>
67.4942 	DATA 	Keypress: b
67.6125 	EXP 	Device response: <KeyPress from None: t=67.48633540000446, value=b, duration=0.11992739999550395>
67.6324 	EXP 	Device response: <KeyPress from None: t=67.63062060000084, value=a, duration=None>
67.6340 	DATA 	Keypress: a
67.7929 	EXP 	Device response: <KeyPress from None: t=67.63062060000084, value=a, duration=0.15227479999884963>
68.0027 	EXP 	Device response: <KeyPress from None: t=67.99873270000535, value=c, duration=None>
68.0075 	DATA 	Keypress: c
68.1025 	EXP 	Device response: <KeyPress from None: t=67.99873270000535, value=c, duration=0.09569399999600137>
68.1323 	EXP 	Device response: <KeyPress from None: t=68.1262388000032, value=k, duration=None>
68.1346 	DATA 	Keypress: k
68.2125 	EXP 	Device response: <KeyPress from None: t=68.1262388000032, value=k, duration=0.08026149999932386>
68.3853 	DATA 	Keypress: p
68.3922 	EXP 	Device response: <KeyPress from None: t=68.38260889999947, value=p, duration=None>
68.4826 	EXP 	Device response: <KeyPress from None: t=68.47849250000581, value=a, duration=None>
68.4863 	DATA 	Keypress: a
68.5323 	EXP 	Device response: <KeyPress from None: t=68.38260889999947, value=p, duration=0.14358519999950659>
68.6325 	EXP 	Device response: <KeyPress from None: t=68.47849250000581, value=a, duration=0.14443570000003092>
68.7524 	EXP 	Device response: <KeyPress from None: t=68.75023680000595, value=c, duration=None>
68.7546 	DATA 	Keypress: c
68.8623 	EXP 	Device response: <KeyPress from None: t=68.75023680000595, value=c, duration=0.1041001999983564>
69.2523 	EXP 	Device response: <KeyPress from None: t=69.24649209999916, value=k, duration=None>
69.2547 	DATA 	Keypress: k
69.3424 	EXP 	Device response: <KeyPress from None: t=69.24649209999916, value=k, duration=0.08769300000130897>
70.4519 	EXP 	Device response: <KeyPress from None: t=70.44646060000377, value=return, duration=None>
70.4575 	DATA 	Keypress: return
70.4617 	EXP 	recall_prompt: autoDraw = False
70.4617 	EXP 	typed_response: autoDraw = False
70.4617 	EXP 	recog_prompt: height = np.float64(0.04)
70.4617 	EXP 	recog_prompt: height = np.float64(0.04)
70.4617 	EXP 	recog_prompt: height = np.float64(0.04)
70.4617 	EXP 	recog_prompt: text = "A portable mountain\n\nDid you see or hear this definition earlier?\n\nPress 'Y' for YES\nPress 'N' for NO"
70.4617 	EXP 	recog_prompt: text = "A portable mountain\n\nDid you see or hear this definition earlier?\n\nPress 'Y' for YES\nPress 'N' for NO"
70.5724 	EXP 	Device response: <KeyPress from None: t=70.44646060000377, value=return, duration=0.12023239999689395>
70.9520 	INFO 	Keyboard events cleared
70.9519 	EXP 	recog_prompt: autoDraw = True
71.9122 	EXP 	Device response: <KeyPress from None: t=71.91047880000406, value=y, duration=None>
71.9134 	DATA 	Keypress: y
71.9215 	EXP 	recog_prompt: autoDraw = False
72.0321 	EXP 	Device response: <KeyPress from None: t=71.91047880000406, value=y, duration=0.12059069999668282>
72.4119 	INFO 	Keyboard events cleared
72.4118 	EXP 	source_prompt: autoDraw = True
73.5820 	EXP 	Device response: <KeyPress from None: t=73.57458300000144, value=v, duration=None>
73.5833 	DATA 	Keypress: v
73.5914 	EXP 	source_prompt: autoDraw = False
73.6818 	EXP 	Device response: <KeyPress from None: t=73.57458300000144, value=v, duration=0.10406730000249809>
74.0816 	INFO 	Keyboard events cleared
74.0814 	EXP 	rk_prompt: autoDraw = True
74.7819 	EXP 	Device response: <KeyPress from None: t=74.77493200000026, value=1, duration=None>
74.7823 	EXP 	New trial (rep=0, index=2): <Trial 2 (2 in rep 0) data={'definition': 'A pocket refrigerator', 'word': 'COOLER', 'old_new': 'old', 'correct_old_new': 'yes', 'thisN': 2, 'thisTrialN': 2, 'thisRepN': 0}>
74.7899 	DATA 	Keypress: 1
74.7916 	EXP 	rk_prompt: autoDraw = False
74.7916 	EXP 	recall_prompt: height = np.float64(0.04)
74.7916 	EXP 	recall_prompt: height = np.float64(0.04)
74.7916 	EXP 	recall_prompt: height = np.float64(0.04)
74.7916 	EXP 	recall_prompt: text = ''
74.7916 	EXP 	recall_prompt: height = np.float64(0.04)
74.7916 	EXP 	recall_prompt: height = np.float64(0.04)
74.7916 	EXP 	recall_prompt: height = np.float64(0.04)
74.7916 	EXP 	recall_prompt: text = 'A pocket refrigerator\n\nType the word below and press ENTER to submit.'
74.8722 	EXP 	Device response: <KeyPress from None: t=74.77493200000026, value=1, duration=0.08742780000466155>
75.2814 	INFO 	Keyboard events cleared
75.2813 	EXP 	recall_prompt: autoDraw = True
75.2813 	EXP 	typed_response: autoDraw = True
80.6208 	EXP 	Device response: <KeyPress from None: t=80.61432290000084, value=c, duration=None>
80.6230 	DATA 	Keypress: c
80.7108 	EXP 	Device response: <KeyPress from None: t=80.71035510000365, value=o, duration=None>
80.7130 	DATA 	Keypress: o
80.7208 	EXP 	Device response: <KeyPress from None: t=80.61432290000084, value=c, duration=0.10392760000104317>
80.8108 	EXP 	Device response: <KeyPress from None: t=80.71035510000365, value=o, duration=0.09596749999764143>
80.9608 	EXP 	Device response: <KeyPress from None: t=80.95841910000308, value=l, duration=None>
80.9628 	DATA 	Keypress: l
81.0407 	EXP 	Device response: <KeyPress from None: t=80.95841910000308, value=l, duration=0.07198149999749148>
81.1036 	DATA 	Keypress: l
81.1109 	EXP 	Device response: <KeyPress from None: t=81.10234070000297, value=l, duration=None>
81.1906 	EXP 	Device response: <KeyPress from None: t=81.10234070000297, value=l, duration=0.07989999999699648>
81.7106 	EXP 	Device response: <KeyPress from None: t=81.71029800000542, value=backspace, duration=None>
81.7127 	DATA 	Keypress: backspace
81.7906 	EXP 	Device response: <KeyPress from None: t=81.71029800000542, value=backspace, duration=0.07189309999375837>
81.8636 	DATA 	Keypress: backspace
81.8707 	EXP 	Device response: <KeyPress from None: t=81.86239310000383, value=backspace, duration=None>
81.9806 	EXP 	Device response: <KeyPress from None: t=81.86239310000383, value=backspace, duration=0.11189849999936996>
82.1839 	DATA 	Keypress: o
82.1907 	EXP 	Device response: <KeyPress from None: t=82.18237090000184, value=o, duration=None>
82.2908 	EXP 	Device response: <KeyPress from None: t=82.18237090000184, value=o, duration=0.10402559999783989>
82.4107 	EXP 	Device response: <KeyPress from None: t=82.4063341000001, value=l, duration=None>
82.4137 	DATA 	Keypress: l
82.5005 	EXP 	Device response: <KeyPress from None: t=82.4063341000001, value=l, duration=0.08794920000218553>
82.5607 	EXP 	Device response: <KeyPress from None: t=82.5584633000035, value=e, duration=None>
82.5636 	DATA 	Keypress: e
82.6806 	EXP 	Device response: <KeyPress from None: t=82.67841220000264, value=r, duration=None>
82.6827 	DATA 	Keypress: r
82.7306 	EXP 	Device response: <KeyPress from None: t=82.5584633000035, value=e, duration=0.1678221999973175>
82.8207 	EXP 	Device response: <KeyPress from None: t=82.67841220000264, value=r, duration=0.13594770000054268>
83.7834 	DATA 	Keypress: return
83.7903 	EXP 	Device response: <KeyPress from None: t=83.78234260000318, value=return, duration=None>
83.8000 	EXP 	recall_prompt: autoDraw = False
83.8000 	EXP 	typed_response: autoDraw = False
83.8000 	EXP 	recog_prompt: height = np.float64(0.04)
83.8000 	EXP 	recog_prompt: height = np.float64(0.04)
83.8000 	EXP 	recog_prompt: height = np.float64(0.04)
83.8000 	EXP 	recog_prompt: text = "A pocket refrigerator\n\nDid you see or hear this definition earlier?\n\nPress 'Y' for YES\nPress 'N' for NO"
83.8000 	EXP 	recog_prompt: text = "A pocket refrigerator\n\nDid you see or hear this definition earlier?\n\nPress 'Y' for YES\nPress 'N' for NO"
83.9410 	EXP 	Device response: <KeyPress from None: t=83.78234260000318, value=return, duration=0.15231979999953182>
84.2903 	INFO 	Keyboard events cleared
84.2902 	EXP 	recog_prompt: autoDraw = True
85.7006 	EXP 	Device response: <KeyPress from None: t=85.69457610000245, value=y, duration=None>
85.7019 	DATA 	Keypress: y
85.7100 	EXP 	recog_prompt: autoDraw = False
85.8004 	EXP 	Device response: <KeyPress from None: t=85.69457610000245, value=y, duration=0.09625680000317516>
86.2000 	INFO 	Keyboard events cleared
86.1999 	EXP 	source_prompt: autoDraw = True
89.6901 	EXP 	Device response: <KeyPress from None: t=89.68648989999929, value=v, duration=None>
89.6911 	DATA 	Keypress: v
89.6994 	EXP 	source_prompt: autoDraw = False
89.7899 	EXP 	Device response: <KeyPress from None: t=89.68648989999929, value=v, duration=0.09635950000665616>
90.1896 	INFO 	Keyboard events cleared
90.1894 	EXP 	rk_prompt: autoDraw = True
92.6300 	EXP 	Device response: <KeyPress from None: t=92.62262360000022, value=1, duration=None>
92.6304 	EXP 	New trial (rep=0, index=3): <Trial 3 (3 in rep 0) data={'definition': 'A silent fireworks show', 'word': 'STARS', 'old_new': 'old', 'correct_old_new': 'yes', 'thisN': 3, 'thisTrialN': 3, 'thisRepN': 0}>
92.6371 	DATA 	Keypress: 1
92.6390 	EXP 	rk_prompt: autoDraw = False
92.6390 	EXP 	recall_prompt: height = np.float64(0.04)
92.6390 	EXP 	recall_prompt: height = np.float64(0.04)
92.6390 	EXP 	recall_prompt: height = np.float64(0.04)
92.6390 	EXP 	recall_prompt: text = ''
92.6390 	EXP 	recall_prompt: height = np.float64(0.04)
92.6390 	EXP 	recall_prompt: height = np.float64(0.04)
92.6390 	EXP 	recall_prompt: height = np.float64(0.04)
92.6390 	EXP 	recall_prompt: text = 'A silent fireworks show\n\nType the word below and press ENTER to submit.'
92.7201 	EXP 	Device response: <KeyPress from None: t=92.62262360000022, value=1, duration=0.09613869999884628>
93.1291 	INFO 	Keyboard events cleared
93.1290 	EXP 	recall_prompt: autoDraw = True
93.1290 	EXP 	typed_response: autoDraw = True
95.4890 	EXP 	Device response: <KeyPress from None: t=95.48625629999879, value=s, duration=None>
95.4912 	DATA 	Keypress: s
95.6591 	EXP 	Device response: <KeyPress from None: t=95.48625629999879, value=s, duration=0.16803620000428054>
96.2591 	EXP 	Device response: <KeyPress from None: t=96.25425380000524, value=t, duration=None>
96.2612 	DATA 	Keypress: t
96.3990 	EXP 	Device response: <KeyPress from None: t=96.25425380000524, value=t, duration=0.144111099994916>
96.7390 	EXP 	Device response: <KeyPress from None: t=96.7342592999994, value=a, duration=None>
96.7410 	DATA 	Keypress: a
96.8589 	EXP 	Device response: <KeyPress from None: t=96.85427970000455, value=r, duration=None>
96.8610 	DATA 	Keypress: r
96.8990 	EXP 	Device response: <KeyPress from None: t=96.7342592999994, value=a, duration=0.1600319999997737>
96.9888 	EXP 	Device response: <KeyPress from None: t=96.85427970000455, value=r, duration=0.1279738000012003>
97.9387 	EXP 	Device response: <KeyPress from None: t=97.93449270000565, value=s, duration=None>
97.9400 	DATA 	Keypress: s
98.0388 	EXP 	Device response: <KeyPress from None: t=97.93449270000565, value=s, duration=0.10381469999992987>
98.2409 	DATA 	Keypress: return
98.2485 	EXP 	Device response: <KeyPress from None: t=98.2384588000059, value=return, duration=None>
98.2583 	EXP 	recall_prompt: autoDraw = False
98.2583 	EXP 	typed_response: autoDraw = False
98.2583 	EXP 	recog_prompt: height = np.float64(0.04)
98.2583 	EXP 	recog_prompt: height = np.float64(0.04)
98.2583 	EXP 	recog_prompt: height = np.float64(0.04)
98.2583 	EXP 	recog_prompt: text = "A silent fireworks show\n\nDid you see or hear this definition earlier?\n\nPress 'Y' for YES\nPress 'N' for NO"
98.2583 	EXP 	recog_prompt: text = "A silent fireworks show\n\nDid you see or hear this definition earlier?\n\nPress 'Y' for YES\nPress 'N' for NO"
98.3593 	EXP 	Device response: <KeyPress from None: t=98.2384588000059, value=return, duration=0.11219419999542879>
98.7487 	INFO 	Keyboard events cleared
98.7486 	EXP 	recog_prompt: autoDraw = True
99.8191 	EXP 	Device response: <KeyPress from None: t=99.81460290000541, value=y, duration=None>
99.8202 	DATA 	Keypress: y
99.8283 	EXP 	recog_prompt: autoDraw = False
99.9089 	EXP 	Device response: <KeyPress from None: t=99.81460290000541, value=y, duration=0.08793549999973038>
100.3186 	INFO 	Keyboard events cleared
100.3184 	EXP 	source_prompt: autoDraw = True
101.3988 	EXP 	Device response: <KeyPress from None: t=101.39040970000497, value=a, duration=None>
101.4000 	DATA 	Keypress: a
101.4081 	EXP 	source_prompt: autoDraw = False
101.4987 	EXP 	Device response: <KeyPress from None: t=101.39040970000497, value=a, duration=0.10422339999786345>
101.8983 	INFO 	Keyboard events cleared
101.8982 	EXP 	rk_prompt: autoDraw = True
103.3185 	EXP 	Device response: <KeyPress from None: t=103.31048079999891, value=1, duration=None>
103.3189 	EXP 	New trial (rep=0, index=4): <Trial 4 (4 in rep 0) data={'definition': 'A glass eye for houses', 'word': 'PEEPHOLE', 'old_new': 'new', 'correct_old_new': 'no', 'thisN': 4, 'thisTrialN': 4, 'thisRepN': 0}>
103.3245 	DATA 	Keypress: 1
103.3278 	EXP 	rk_prompt: autoDraw = False
103.3278 	EXP 	recall_prompt: height = np.float64(0.04)
103.3278 	EXP 	recall_prompt: height = np.float64(0.04)
103.3278 	EXP 	recall_prompt: height = np.float64(0.04)
103.3278 	EXP 	recall_prompt: text = ''
103.3278 	EXP 	recall_prompt: height = np.float64(0.04)
103.3278 	EXP 	recall_prompt: height = np.float64(0.04)
103.3278 	EXP 	recall_prompt: height = np.float64(0.04)
103.3278 	EXP 	recall_prompt: text = 'A glass eye for houses\n\nType the word below and press ENTER to submit.'
103.4488 	EXP 	Device response: <KeyPress from None: t=103.31048079999891, value=1, duration=0.12846120000176597>
103.8179 	INFO 	Keyboard events cleared
103.8178 	EXP 	recall_prompt: autoDraw = True
103.8178 	EXP 	typed_response: autoDraw = True
109.5173 	EXP 	Device response: <KeyPress from None: t=109.51012240000273, value=w, duration=None>
109.5196 	DATA 	Keypress: w
109.6176 	EXP 	Device response: <KeyPress from None: t=109.61446799999976, value=i, duration=None>
109.6208 	DATA 	Keypress: i
109.6274 	EXP 	Device response: <KeyPress from None: t=109.51012240000273, value=w, duration=0.11210199999914039>
109.6873 	EXP 	Device response: <KeyPress from None: t=109.61446799999976, value=i, duration=0.06397180000203662>
109.8373 	EXP 	Device response: <KeyPress from None: t=109.8302313000022, value=n, duration=None>
109.8394 	DATA 	Keypress: n
109.9075 	EXP 	Device response: <KeyPress from None: t=109.8302313000022, value=n, duration=0.07212389999767765>
109.9595 	DATA 	Keypress: d
109.9682 	EXP 	Device response: <KeyPress from None: t=109.95818910000526, value=d, duration=None>
110.0573 	EXP 	Device response: <KeyPress from None: t=109.95818910000526, value=d, duration=0.09620599999470869>
110.0775 	EXP 	Device response: <KeyPress from None: t=110.07021750000422, value=o, duration=None>
110.0805 	DATA 	Keypress: o
110.1675 	EXP 	Device response: <KeyPress from None: t=110.07021750000422, value=o, duration=0.08795909999753349>
110.6172 	EXP 	Device response: <KeyPress from None: t=110.61433690000558, value=w, duration=None>
110.6192 	DATA 	Keypress: w
110.7072 	EXP 	Device response: <KeyPress from None: t=110.61433690000558, value=w, duration=0.08794379999744706>
110.8971 	EXP 	Device response: <KeyPress from None: t=110.89433180000196, value=s, duration=None>
110.8993 	DATA 	Keypress: s
110.9772 	EXP 	Device response: <KeyPress from None: t=110.89433180000196, value=s, duration=0.08003720000124304>
111.3509 	DATA 	Keypress: return
111.3569 	EXP 	Device response: <KeyPress from None: t=111.3503423000002, value=return, duration=None>
111.3667 	EXP 	recall_prompt: autoDraw = False
111.3667 	EXP 	typed_response: autoDraw = False
111.3667 	EXP 	recog_prompt: height = np.float64(0.04)
111.3667 	EXP 	recog_prompt: height = np.float64(0.04)
111.3667 	EXP 	recog_prompt: height = np.float64(0.04)
111.3667 	EXP 	recog_prompt: text = "A glass eye for houses\n\nDid you see or hear this definition earlier?\n\nPress 'Y' for YES\nPress 'N' for NO"
111.3667 	EXP 	recog_prompt: text = "A glass eye for houses\n\nDid you see or hear this definition earlier?\n\nPress 'Y' for YES\nPress 'N' for NO"
111.4672 	EXP 	Device response: <KeyPress from None: t=111.3503423000002, value=return, duration=0.11222940000152448>
111.8571 	INFO 	Keyboard events cleared
111.8569 	EXP 	recog_prompt: autoDraw = True
113.2274 	EXP 	Device response: <KeyPress from None: t=113.22261110000545, value=n, duration=None>
113.2280 	EXP 	New trial (rep=0, index=5): <Trial 5 (5 in rep 0) data={'definition': 'A portable shadow', 'word': 'HAT', 'old_new': 'new', 'correct_old_new': 'no', 'thisN': 5, 'thisTrialN': 5, 'thisRepN': 0}>
113.2347 	DATA 	Keypress: n
113.2365 	EXP 	recog_prompt: autoDraw = False
113.2365 	EXP 	source_prompt: autoDraw = False
113.2365 	EXP 	rk_prompt: autoDraw = False
113.2365 	EXP 	recall_prompt: height = np.float64(0.04)
113.2365 	EXP 	recall_prompt: height = np.float64(0.04)
113.2365 	EXP 	recall_prompt: height = np.float64(0.04)
113.2365 	EXP 	recall_prompt: text = ''
113.2365 	EXP 	recall_prompt: height = np.float64(0.04)
113.2365 	EXP 	recall_prompt: height = np.float64(0.04)
113.2365 	EXP 	recall_prompt: height = np.float64(0.04)
113.2365 	EXP 	recall_prompt: text = 'A portable shadow\n\nType the word below and press ENTER to submit.'
113.3175 	EXP 	Device response: <KeyPress from None: t=113.22261110000545, value=n, duration=0.08782249999785563>
113.7265 	INFO 	Keyboard events cleared
113.7265 	EXP 	recall_prompt: autoDraw = True
113.7265 	EXP 	typed_response: autoDraw = True
116.4361 	EXP 	Device response: <KeyPress from None: t=116.4301842000059, value=u, duration=None>
116.4387 	DATA 	Keypress: u
116.5465 	EXP 	Device response: <KeyPress from None: t=116.4301842000059, value=u, duration=0.11226799999712966>
116.9186 	DATA 	Keypress: m
116.9273 	EXP 	Device response: <KeyPress from None: t=116.91821170000185, value=m, duration=None>
117.0264 	EXP 	Device response: <KeyPress from None: t=116.91821170000185, value=m, duration=0.1040802999996231>
117.0866 	EXP 	Device response: <KeyPress from None: t=117.0861533999996, value=b, duration=None>
117.0888 	DATA 	Keypress: b
117.2163 	EXP 	Device response: <KeyPress from None: t=117.0861533999996, value=b, duration=0.12815880000562174>
117.5595 	DATA 	Keypress: r
117.5663 	EXP 	Device response: <KeyPress from None: t=117.5582276999994, value=r, duration=None>
117.6399 	DATA 	Keypress: e
117.6462 	EXP 	Device response: <KeyPress from None: t=117.63860710000154, value=e, duration=None>
117.7062 	EXP 	Device response: <KeyPress from None: t=117.5582276999994, value=r, duration=0.14403429999947548>
117.7763 	EXP 	Device response: <KeyPress from None: t=117.63860710000154, value=e, duration=0.13578740000230027>
117.8963 	EXP 	Device response: <KeyPress from None: t=117.8942365000039, value=l, duration=None>
117.8983 	DATA 	Keypress: l
117.9767 	EXP 	Device response: <KeyPress from None: t=117.8942365000039, value=l, duration=0.0721549000008963>
118.0486 	DATA 	Keypress: l
118.0564 	EXP 	Device response: <KeyPress from None: t=118.04655790000106, value=l, duration=None>
118.1361 	EXP 	Device response: <KeyPress from None: t=118.04655790000106, value=l, duration=0.0878655999986222>
118.1563 	EXP 	Device response: <KeyPress from None: t=118.1502302000008, value=a, duration=None>
118.1593 	DATA 	Keypress: a
118.2762 	EXP 	Device response: <KeyPress from None: t=118.1502302000008, value=a, duration=0.12019770000188146>
118.6660 	EXP 	Device response: <KeyPress from None: t=118.66233650000504, value=return, duration=None>
118.6718 	DATA 	Keypress: return
118.6757 	EXP 	recall_prompt: autoDraw = False
118.6757 	EXP 	typed_response: autoDraw = False
118.6757 	EXP 	recog_prompt: height = np.float64(0.04)
118.6757 	EXP 	recog_prompt: height = np.float64(0.04)
118.6757 	EXP 	recog_prompt: height = np.float64(0.04)
118.6757 	EXP 	recog_prompt: text = "A portable shadow\n\nDid you see or hear this definition earlier?\n\nPress 'Y' for YES\nPress 'N' for NO"
118.6757 	EXP 	recog_prompt: text = "A portable shadow\n\nDid you see or hear this definition earlier?\n\nPress 'Y' for YES\nPress 'N' for NO"
118.8062 	EXP 	Device response: <KeyPress from None: t=118.66233650000504, value=return, duration=0.13641359999746783>
119.1661 	INFO 	Keyboard events cleared
119.1659 	EXP 	recog_prompt: autoDraw = True
120.0871 	DATA 	Keypress: y
120.0962 	EXP 	Device response: <KeyPress from None: t=120.08654360000219, value=y, duration=None>
120.1056 	EXP 	recog_prompt: autoDraw = False
120.2164 	EXP 	Device response: <KeyPress from None: t=120.08654360000219, value=y, duration=0.1281583000018145>
120.5960 	INFO 	Keyboard events cleared
120.5958 	EXP 	source_prompt: autoDraw = True
122.2362 	EXP 	Device response: <KeyPress from None: t=122.23049360000005, value=a, duration=None>
122.2373 	DATA 	Keypress: a
122.2454 	EXP 	source_prompt: autoDraw = False
122.3760 	EXP 	Device response: <KeyPress from None: t=122.23049360000005, value=a, duration=0.1441941000011866>
122.7356 	INFO 	Keyboard events cleared
122.7354 	EXP 	rk_prompt: autoDraw = True
123.6357 	EXP 	Device response: <KeyPress from None: t=123.63063050000346, value=1, duration=None>
123.6362 	EXP 	New trial (rep=0, index=6): <Trial 6 (6 in rep 0) data={'definition': 'A wind-powered whisper', 'word': 'FLUTE', 'old_new': 'new', 'correct_old_new': 'no', 'thisN': 6, 'thisTrialN': 6, 'thisRepN': 0}>
123.6432 	DATA 	Keypress: 1
123.6451 	EXP 	rk_prompt: autoDraw = False
123.6451 	EXP 	recall_prompt: height = np.float64(0.04)
123.6451 	EXP 	recall_prompt: height = np.float64(0.04)
123.6451 	EXP 	recall_prompt: height = np.float64(0.04)
123.6451 	EXP 	recall_prompt: text = ''
123.6451 	EXP 	recall_prompt: height = np.float64(0.04)
123.6451 	EXP 	recall_prompt: height = np.float64(0.04)
123.6451 	EXP 	recall_prompt: height = np.float64(0.04)
123.6451 	EXP 	recall_prompt: text = 'A wind-powered whisper\n\nType the word below and press ENTER to submit.'
123.7362 	EXP 	Device response: <KeyPress from None: t=123.63063050000346, value=1, duration=0.09615849999681814>
124.1351 	INFO 	Keyboard events cleared
124.1350 	EXP 	recall_prompt: autoDraw = True
124.1350 	EXP 	typed_response: autoDraw = True
136.1368 	DATA 	Keypress: d
136.1440 	EXP 	Device response: <KeyPress from None: t=136.13429349999933, value=d, duration=None>
136.2437 	EXP 	Device response: <KeyPress from None: t=136.23828250000224, value=u, duration=None>
136.2457 	DATA 	Keypress: u
136.2638 	EXP 	Device response: <KeyPress from None: t=136.13429349999933, value=d, duration=0.12837640000361716>
136.3337 	EXP 	Device response: <KeyPress from None: t=136.23828250000224, value=u, duration=0.08784759999980452>
136.3357 	DATA 	Keypress: s
136.3436 	EXP 	Device response: <KeyPress from None: t=136.33408740000596, value=s, duration=None>
136.4237 	EXP 	Device response: <KeyPress from None: t=136.33408740000596, value=s, duration=0.08008109999354929>
136.5538 	EXP 	Device response: <KeyPress from None: t=136.55093309999938, value=t, duration=None>
136.5555 	DATA 	Keypress: t
136.6437 	EXP 	Device response: <KeyPress from None: t=136.55093309999938, value=t, duration=0.08746059999975841>
136.8391 	DATA 	Keypress: return
136.8438 	EXP 	Device response: <KeyPress from None: t=136.83889660000568, value=return, duration=None>
136.8534 	EXP 	recall_prompt: autoDraw = False
136.8534 	EXP 	typed_response: autoDraw = False
136.8534 	EXP 	recog_prompt: height = np.float64(0.04)
136.8534 	EXP 	recog_prompt: height = np.float64(0.04)
136.8534 	EXP 	recog_prompt: height = np.float64(0.04)
136.8534 	EXP 	recog_prompt: text = "A wind-powered whisper\n\nDid you see or hear this definition earlier?\n\nPress 'Y' for YES\nPress 'N' for NO"
136.8534 	EXP 	recog_prompt: text = "A wind-powered whisper\n\nDid you see or hear this definition earlier?\n\nPress 'Y' for YES\nPress 'N' for NO"
136.9741 	EXP 	Device response: <KeyPress from None: t=136.83889660000568, value=return, duration=0.12755919999472098>
137.3436 	INFO 	Keyboard events cleared
137.3434 	EXP 	recog_prompt: autoDraw = True
137.6840 	EXP 	Device response: <KeyPress from None: t=137.67868680000538, value=n, duration=None>
137.6845 	EXP 	New trial (rep=0, index=7): <Trial 7 (7 in rep 0) data={'definition': 'A wooden sandwich for books', 'word': 'SHELF', 'old_new': 'new', 'correct_old_new': 'no', 'thisN': 7, 'thisTrialN': 7, 'thisRepN': 0}>
137.6900 	DATA 	Keypress: n
137.6932 	EXP 	recog_prompt: autoDraw = False
137.6932 	EXP 	source_prompt: autoDraw = False
137.6932 	EXP 	rk_prompt: autoDraw = False
137.6932 	EXP 	recall_prompt: height = np.float64(0.04)
137.6932 	EXP 	recall_prompt: height = np.float64(0.04)
137.6932 	EXP 	recall_prompt: height = np.float64(0.04)
137.6932 	EXP 	recall_prompt: text = ''
137.6932 	EXP 	recall_prompt: height = np.float64(0.04)
137.6932 	EXP 	recall_prompt: height = np.float64(0.04)
137.6932 	EXP 	recall_prompt: height = np.float64(0.04)
137.6932 	EXP 	recall_prompt: text = 'A wooden sandwich for books\n\nType the word below and press ENTER to submit.'
137.7745 	EXP 	Device response: <KeyPress from None: t=137.67868680000538, value=n, duration=0.08806329999788431>
138.1833 	INFO 	Keyboard events cleared
138.1832 	EXP 	recall_prompt: autoDraw = True
138.1832 	EXP 	typed_response: autoDraw = True
154.7465 	DATA 	Keypress: c
154.7516 	EXP 	Device response: <KeyPress from None: t=154.74241260000417, value=c, duration=None>
154.7915 	EXP 	Device response: <KeyPress from None: t=154.79053930000373, value=o, duration=None>
154.7939 	DATA 	Keypress: o
154.8316 	EXP 	Device response: <KeyPress from None: t=154.74241260000417, value=c, duration=0.07997909999539843>
154.9019 	EXP 	Device response: <KeyPress from None: t=154.79053930000373, value=o, duration=0.10388640000019222>
155.3713 	EXP 	Device response: <KeyPress from None: t=155.36651669999992, value=v, duration=None>
155.3741 	DATA 	Keypress: v
155.5113 	EXP 	Device response: <KeyPress from None: t=155.36651669999992, value=v, duration=0.1357380000044941>
155.7513 	EXP 	Device response: <KeyPress from None: t=155.75050320000446, value=e, duration=None>
155.7529 	DATA 	Keypress: e
155.7836 	DATA 	Keypress: r
155.7916 	EXP 	Device response: <KeyPress from None: t=155.78232050000224, value=r, duration=None>
155.9113 	EXP 	Device response: <KeyPress from None: t=155.78232050000224, value=r, duration=0.1281036000000313>
155.9514 	EXP 	Device response: <KeyPress from None: t=155.75050320000446, value=e, duration=0.1999225999970804>
156.4112 	EXP 	Device response: <KeyPress from None: t=156.40659669999877, value=return, duration=None>
156.4173 	DATA 	Keypress: return
156.4209 	EXP 	recall_prompt: autoDraw = False
156.4209 	EXP 	typed_response: autoDraw = False
156.4209 	EXP 	recog_prompt: height = np.float64(0.04)
156.4209 	EXP 	recog_prompt: height = np.float64(0.04)
156.4209 	EXP 	recog_prompt: height = np.float64(0.04)
156.4209 	EXP 	recog_prompt: text = "A wooden sandwich for books\n\nDid you see or hear this definition earlier?\n\nPress 'Y' for YES\nPress 'N' for NO"
156.4209 	EXP 	recog_prompt: text = "A wooden sandwich for books\n\nDid you see or hear this definition earlier?\n\nPress 'Y' for YES\nPress 'N' for NO"
156.5815 	EXP 	Device response: <KeyPress from None: t=156.40659669999877, value=return, duration=0.16810240000631893>
156.9112 	INFO 	Keyboard events cleared
156.9111 	EXP 	recog_prompt: autoDraw = True
157.9918 	EXP 	Device response: <KeyPress from None: t=157.99098660000163, value=n, duration=None>
157.9922 	EXP 	New trial (rep=0, index=8): <Trial 8 (8 in rep 0) data={'definition': 'A metal spiderweb', 'word': 'FENCE', 'old_new': 'new', 'correct_old_new': 'no', 'thisN': 8, 'thisTrialN': 8, 'thisRepN': 0}>
157.9967 	DATA 	Keypress: n
158.0012 	EXP 	recog_prompt: autoDraw = False
158.0012 	EXP 	source_prompt: autoDraw = False
158.0012 	EXP 	rk_prompt: autoDraw = False
158.0012 	EXP 	recall_prompt: height = np.float64(0.04)
158.0012 	EXP 	recall_prompt: height = np.float64(0.04)
158.0012 	EXP 	recall_prompt: height = np.float64(0.04)
158.0012 	EXP 	recall_prompt: text = ''
158.0012 	EXP 	recall_prompt: height = np.float64(0.04)
158.0012 	EXP 	recall_prompt: height = np.float64(0.04)
158.0012 	EXP 	recall_prompt: height = np.float64(0.04)
158.0012 	EXP 	recall_prompt: text = 'A metal spiderweb\n\nType the word below and press ENTER to submit.'
158.1116 	EXP 	Device response: <KeyPress from None: t=157.99098660000163, value=n, duration=0.11131580000073882>
158.4907 	INFO 	Keyboard events cleared
158.4907 	EXP 	recall_prompt: autoDraw = True
158.4907 	EXP 	typed_response: autoDraw = True
161.9006 	EXP 	Device response: <KeyPress from None: t=161.8942326000033, value=p, duration=None>
161.9032 	DATA 	Keypress: p
162.0507 	EXP 	Device response: <KeyPress from None: t=161.8942326000033, value=p, duration=0.15206319999560947>
162.0905 	EXP 	Device response: <KeyPress from None: t=162.0863016000003, value=i, duration=None>
162.0924 	DATA 	Keypress: i
162.2208 	EXP 	Device response: <KeyPress from None: t=162.0863016000003, value=i, duration=0.12823819999903208>
162.2407 	EXP 	Device response: <KeyPress from None: t=162.23848310000176, value=p, duration=None>
162.2455 	DATA 	Keypress: p
162.4005 	EXP 	Device response: <KeyPress from None: t=162.23848310000176, value=p, duration=0.15219300000171643>
162.5043 	DATA 	Keypress: e
162.5105 	EXP 	Device response: <KeyPress from None: t=162.50255820000166, value=e, duration=None>
162.6004 	EXP 	Device response: <KeyPress from None: t=162.50255820000166, value=e, duration=0.09587460000329884>
162.7705 	EXP 	Device response: <KeyPress from None: t=162.76645840000128, value=return, duration=None>
162.7763 	DATA 	Keypress: return
162.7801 	EXP 	recall_prompt: autoDraw = False
162.7801 	EXP 	typed_response: autoDraw = False
162.7801 	EXP 	recog_prompt: height = np.float64(0.04)
162.7801 	EXP 	recog_prompt: height = np.float64(0.04)
162.7801 	EXP 	recog_prompt: height = np.float64(0.04)
162.7801 	EXP 	recog_prompt: text = "A metal spiderweb\n\nDid you see or hear this definition earlier?\n\nPress 'Y' for YES\nPress 'N' for NO"
162.7801 	EXP 	recog_prompt: text = "A metal spiderweb\n\nDid you see or hear this definition earlier?\n\nPress 'Y' for YES\nPress 'N' for NO"
162.9007 	EXP 	Device response: <KeyPress from None: t=162.76645840000128, value=return, duration=0.12826650000351947>
163.2708 	INFO 	Keyboard events cleared
163.2707 	EXP 	recog_prompt: autoDraw = True
164.2805 	EXP 	Device response: <KeyPress from None: t=164.27884900000208, value=y, duration=None>
164.2817 	DATA 	Keypress: y
164.2900 	EXP 	recog_prompt: autoDraw = False
164.3905 	EXP 	Device response: <KeyPress from None: t=164.27884900000208, value=y, duration=0.10378360000322573>
164.7803 	INFO 	Keyboard events cleared
164.7801 	EXP 	source_prompt: autoDraw = True
166.3004 	EXP 	Device response: <KeyPress from None: t=166.29483900000196, value=v, duration=None>
166.3015 	DATA 	Keypress: v
166.3098 	EXP 	source_prompt: autoDraw = False
166.4001 	EXP 	Device response: <KeyPress from None: t=166.29483900000196, value=v, duration=0.10424269999930402>
166.7999 	INFO 	Keyboard events cleared
166.7998 	EXP 	rk_prompt: autoDraw = True
167.6302 	EXP 	Device response: <KeyPress from None: t=167.6226289000042, value=2, duration=None>
167.6307 	EXP 	New trial (rep=0, index=9): <Trial 9 (9 in rep 0) data={'definition': 'A sleepy mountain', 'word': 'VOLCANO', 'old_new': 'old', 'correct_old_new': 'yes', 'thisN': 9, 'thisTrialN': 9, 'thisRepN': 0}>
167.6378 	DATA 	Keypress: 2
167.6396 	EXP 	rk_prompt: autoDraw = False
167.6396 	EXP 	recall_prompt: height = np.float64(0.04)
167.6396 	EXP 	recall_prompt: height = np.float64(0.04)
167.6396 	EXP 	recall_prompt: height = np.float64(0.04)
167.6396 	EXP 	recall_prompt: text = ''
167.6396 	EXP 	recall_prompt: height = np.float64(0.04)
167.6396 	EXP 	recall_prompt: height = np.float64(0.04)
167.6396 	EXP 	recall_prompt: height = np.float64(0.04)
167.6396 	EXP 	recall_prompt: text = 'A sleepy mountain\n\nType the word below and press ENTER to submit.'
167.7205 	EXP 	Device response: <KeyPress from None: t=167.6226289000042, value=2, duration=0.08791309999651276>
168.1301 	INFO 	Keyboard events cleared
168.1300 	EXP 	recall_prompt: autoDraw = True
168.1300 	EXP 	typed_response: autoDraw = True
170.5395 	EXP 	Device response: <KeyPress from None: t=170.53439700000308, value=v, duration=None>
170.5438 	DATA 	Keypress: v
170.6795 	EXP 	Device response: <KeyPress from None: t=170.53439700000308, value=v, duration=0.13591669999732403>
170.6894 	EXP 	Device response: <KeyPress from None: t=170.68635039999936, value=o, duration=None>
170.6920 	DATA 	Keypress: o
170.7895 	EXP 	Device response: <KeyPress from None: t=170.68635039999936, value=o, duration=0.09602040000027046>
170.9429 	DATA 	Keypress: l
170.9499 	EXP 	Device response: <KeyPress from None: t=170.94257300000027, value=l, duration=None>
171.0295 	EXP 	Device response: <KeyPress from None: t=170.94257300000027, value=l, duration=0.07986770000570687>
171.3830 	DATA 	Keypress: c
171.3894 	EXP 	Device response: <KeyPress from None: t=171.38255729999946, value=c, duration=None>
171.4896 	EXP 	Device response: <KeyPress from None: t=171.48657150000508, value=a, duration=None>
171.4929 	DATA 	Keypress: a
171.5093 	EXP 	Device response: <KeyPress from None: t=171.38255729999946, value=c, duration=0.11972530000639381>
171.6195 	EXP 	Device response: <KeyPress from None: t=171.48657150000508, value=a, duration=0.12795699999696808>
171.6801 	DATA 	Keypress: n
171.6894 	EXP 	Device response: <KeyPress from None: t=171.6786443000019, value=n, duration=None>
171.7894 	EXP 	Device response: <KeyPress from None: t=171.78234270000394, value=o, duration=None>
171.7924 	DATA 	Keypress: o
171.8093 	EXP 	Device response: <KeyPress from None: t=171.6786443000019, value=n, duration=0.12789920000068378>
171.9095 	EXP 	Device response: <KeyPress from None: t=171.78234270000394, value=o, duration=0.12019839999993565>
172.4691 	EXP 	Device response: <KeyPress from None: t=172.46229760000278, value=return, duration=None>
172.4747 	DATA 	Keypress: return
172.4789 	EXP 	recall_prompt: autoDraw = False
172.4789 	EXP 	typed_response: autoDraw = False
172.4789 	EXP 	recog_prompt: height = np.float64(0.04)
172.4789 	EXP 	recog_prompt: height = np.float64(0.04)
172.4789 	EXP 	recog_prompt: height = np.float64(0.04)
172.4789 	EXP 	recog_prompt: text = "A sleepy mountain\n\nDid you see or hear this definition earlier?\n\nPress 'Y' for YES\nPress 'N' for NO"
172.4789 	EXP 	recog_prompt: text = "A sleepy mountain\n\nDid you see or hear this definition earlier?\n\nPress 'Y' for YES\nPress 'N' for NO"
172.5995 	EXP 	Device response: <KeyPress from None: t=172.46229760000278, value=return, duration=0.1364393999974709>
172.9692 	INFO 	Keyboard events cleared
172.9691 	EXP 	recog_prompt: autoDraw = True
174.1392 	EXP 	Device response: <KeyPress from None: t=174.13475219999964, value=y, duration=None>
174.1403 	DATA 	Keypress: y
174.1487 	EXP 	recog_prompt: autoDraw = False
174.2596 	EXP 	Device response: <KeyPress from None: t=174.13475219999964, value=y, duration=0.1203663000051165>
174.6394 	INFO 	Keyboard events cleared
174.6391 	EXP 	source_prompt: autoDraw = True
175.2992 	EXP 	Device response: <KeyPress from None: t=175.2947312000033, value=v, duration=None>
175.3004 	DATA 	Keypress: v
175.3086 	EXP 	source_prompt: autoDraw = False
175.4091 	EXP 	Device response: <KeyPress from None: t=175.2947312000033, value=v, duration=0.1040415999959805>
175.7987 	INFO 	Keyboard events cleared
175.7986 	EXP 	rk_prompt: autoDraw = True
176.8723 	DATA 	Keypress: 1
176.8788 	EXP 	Device response: <KeyPress from None: t=176.870960799999, value=1, duration=None>
176.8791 	EXP 	New trial (rep=0, index=10): <Trial 10 (10 in rep 0) data={'definition': 'A metal tree with traffic fruit', 'word': 'TRAFFICLIGHT', 'old_new': 'old', 'correct_old_new': 'yes', 'thisN': 10, 'thisTrialN': 10, 'thisRepN': 0}>
176.8884 	EXP 	rk_prompt: autoDraw = False
176.8884 	EXP 	recall_prompt: height = np.float64(0.04)
176.8884 	EXP 	recall_prompt: height = np.float64(0.04)
176.8884 	EXP 	recall_prompt: height = np.float64(0.04)
176.8884 	EXP 	recall_prompt: text = ''
176.8884 	EXP 	recall_prompt: height = np.float64(0.04)
176.8884 	EXP 	recall_prompt: height = np.float64(0.04)
176.8884 	EXP 	recall_prompt: height = np.float64(0.04)
176.8884 	EXP 	recall_prompt: text = 'A metal tree with traffic fruit\n\nType the word below and press ENTER to submit.'
176.9692 	EXP 	Device response: <KeyPress from None: t=176.870960799999, value=1, duration=0.09610170000087237>
177.3785 	INFO 	Keyboard events cleared
177.3784 	EXP 	recall_prompt: autoDraw = True
177.3784 	EXP 	typed_response: autoDraw = True
184.0811 	DATA 	Keypress: t
184.0877 	EXP 	Device response: <KeyPress from None: t=184.07834900000307, value=t, duration=None>
184.2078 	EXP 	Device response: <KeyPress from None: t=184.07834900000307, value=t, duration=0.11993210000218824>
184.3199 	DATA 	Keypress: r
184.3277 	EXP 	Device response: <KeyPress from None: t=184.3182117000033, value=r, duration=None>
184.4278 	EXP 	Device response: <KeyPress from None: t=184.3182117000033, value=r, duration=0.10415049999573966>
184.4707 	DATA 	Keypress: a
184.4776 	EXP 	Device response: <KeyPress from None: t=184.47024480000255, value=a, duration=None>
184.5976 	EXP 	Device response: <KeyPress from None: t=184.47024480000255, value=a, duration=0.11998709999897983>
184.6811 	DATA 	Keypress: f
184.6879 	EXP 	Device response: <KeyPress from None: t=184.6782497000022, value=f, duration=None>
184.7679 	EXP 	Device response: <KeyPress from None: t=184.6782497000022, value=f, duration=0.08862590000353521>
185.0715 	DATA 	Keypress: f
185.0777 	EXP 	Device response: <KeyPress from None: t=185.07032150000305, value=f, duration=None>
185.1676 	EXP 	Device response: <KeyPress from None: t=185.07032150000305, value=f, duration=0.09632499999861466>
185.1997 	DATA 	Keypress: i
185.2076 	EXP 	Device response: <KeyPress from None: t=185.1981889000017, value=i, duration=None>
185.2878 	EXP 	Device response: <KeyPress from None: t=185.1981889000017, value=i, duration=0.08006340000429191>
185.3676 	EXP 	Device response: <KeyPress from None: t=185.3662642000054, value=c, duration=None>
185.3696 	DATA 	Keypress: c
185.4576 	EXP 	Device response: <KeyPress from None: t=185.3662642000054, value=c, duration=0.0880782999956864>
186.1595 	DATA 	Keypress: space
186.1675 	EXP 	Device response: <KeyPress from None: t=186.15820180000446, value=space, duration=None>
186.2573 	EXP 	Device response: <KeyPress from None: t=186.2541446000032, value=l, duration=None>
186.2587 	DATA 	Keypress: l
186.2873 	EXP 	Device response: <KeyPress from None: t=186.15820180000446, value=space, duration=0.12796810000145342>
186.4273 	EXP 	Device response: <KeyPress from None: t=186.2541446000032, value=l, duration=0.1680156000002171>
186.4273 	EXP 	Device response: <KeyPress from None: t=186.42216020000342, value=i, duration=None>
186.4288 	DATA 	Keypress: i
186.5173 	EXP 	Device response: <KeyPress from None: t=186.42216020000342, value=i, duration=0.08793100000184495>
186.5572 	EXP 	Device response: <KeyPress from None: t=186.550181300001, value=g, duration=None>
186.5585 	DATA 	Keypress: g
186.6672 	EXP 	Device response: <KeyPress from None: t=186.550181300001, value=g, duration=0.11214460000337567>
186.8397 	DATA 	Keypress: h
186.8474 	EXP 	Device response: <KeyPress from None: t=186.8382780000029, value=h, duration=None>
186.9373 	EXP 	Device response: <KeyPress from None: t=186.8382780000029, value=h, duration=0.09591740000178106>
186.9584 	DATA 	Keypress: t
186.9673 	EXP 	Device response: <KeyPress from None: t=186.95812750000186, value=t, duration=None>
187.0875 	EXP 	Device response: <KeyPress from None: t=186.95812750000186, value=t, duration=0.1283798000004026>
188.4370 	EXP 	Device response: <KeyPress from None: t=188.43028700000286, value=return, duration=None>
188.4404 	DATA 	Keypress: return
188.4468 	EXP 	recall_prompt: autoDraw = False
188.4468 	EXP 	typed_response: autoDraw = False
188.4468 	EXP 	recog_prompt: height = np.float64(0.04)
188.4468 	EXP 	recog_prompt: height = np.float64(0.04)
188.4468 	EXP 	recog_prompt: height = np.float64(0.04)
188.4468 	EXP 	recog_prompt: text = "A metal tree with traffic fruit\n\nDid you see or hear this definition earlier?\n\nPress 'Y' for YES\nPress 'N' for NO"
188.4468 	EXP 	recog_prompt: text = "A metal tree with traffic fruit\n\nDid you see or hear this definition earlier?\n\nPress 'Y' for YES\nPress 'N' for NO"
188.5674 	EXP 	Device response: <KeyPress from None: t=188.43028700000286, value=return, duration=0.12823950000165496>
188.9372 	INFO 	Keyboard events cleared
188.9370 	EXP 	recog_prompt: autoDraw = True
190.0673 	EXP 	Device response: <KeyPress from None: t=190.0625541000045, value=y, duration=None>
190.0686 	DATA 	Keypress: y
190.0768 	EXP 	recog_prompt: autoDraw = False
190.1170 	EXP 	Device response: <KeyPress from None: t=190.0625541000045, value=y, duration=0.047757499996805564>
190.5674 	INFO 	Keyboard events cleared
190.5672 	EXP 	source_prompt: autoDraw = True
191.3572 	EXP 	Device response: <KeyPress from None: t=191.35065600000235, value=a, duration=None>
191.3583 	DATA 	Keypress: a
191.3667 	EXP 	source_prompt: autoDraw = False
191.5371 	EXP 	Device response: <KeyPress from None: t=191.35065600000235, value=a, duration=0.18395639999653213>
191.8569 	INFO 	Keyboard events cleared
191.8567 	EXP 	rk_prompt: autoDraw = True
193.0269 	EXP 	Device response: <KeyPress from None: t=193.0226621000038, value=1, duration=None>
193.0273 	EXP 	New trial (rep=0, index=11): <Trial 11 (11 in rep 0) data={'definition': 'A wall that moves', 'word': 'CURTAIN', 'old_new': 'old', 'correct_old_new': 'yes', 'thisN': 11, 'thisTrialN': 11, 'thisRepN': 0}>
193.0323 	DATA 	Keypress: 1
193.0364 	EXP 	rk_prompt: autoDraw = False
193.0364 	EXP 	recall_prompt: height = np.float64(0.04)
193.0364 	EXP 	recall_prompt: height = np.float64(0.04)
193.0364 	EXP 	recall_prompt: height = np.float64(0.04)
193.0364 	EXP 	recall_prompt: text = ''
193.0364 	EXP 	recall_prompt: height = np.float64(0.04)
193.0364 	EXP 	recall_prompt: height = np.float64(0.04)
193.0364 	EXP 	recall_prompt: height = np.float64(0.04)
193.0364 	EXP 	recall_prompt: text = 'A wall that moves\n\nType the word below and press ENTER to submit.'
193.1273 	EXP 	Device response: <KeyPress from None: t=193.0226621000038, value=1, duration=0.10419389999879058>
193.5275 	INFO 	Keyboard events cleared
193.5274 	EXP 	recall_prompt: autoDraw = True
193.5274 	EXP 	typed_response: autoDraw = True
197.5288 	DATA 	Keypress: c
197.5360 	EXP 	Device response: <KeyPress from None: t=197.52628100000584, value=c, duration=None>
197.6263 	EXP 	Device response: <KeyPress from None: t=197.62256139999954, value=u, duration=None>
197.6300 	DATA 	Keypress: u
197.6462 	EXP 	Device response: <KeyPress from None: t=197.52628100000584, value=c, duration=0.11195659999793861>
197.7362 	EXP 	Device response: <KeyPress from None: t=197.62256139999954, value=u, duration=0.10402650000469293>
197.9560 	EXP 	Device response: <KeyPress from None: t=197.95037450000382, value=r, duration=None>
197.9583 	DATA 	Keypress: r
198.0661 	EXP 	Device response: <KeyPress from None: t=197.95037450000382, value=r, duration=0.11194109999632929>
198.1860 	EXP 	Device response: <KeyPress from None: t=198.18239400000311, value=t, duration=None>
198.1882 	DATA 	Keypress: t
198.2959 	EXP 	Device response: <KeyPress from None: t=198.18239400000311, value=t, duration=0.1040387999964878>
198.5599 	DATA 	Keypress: a
198.5659 	EXP 	Device response: <KeyPress from None: t=198.5584383000023, value=a, duration=None>
198.6959 	EXP 	Device response: <KeyPress from None: t=198.5584383000023, value=a, duration=0.12800219999917317>
198.6959 	EXP 	Device response: <KeyPress from None: t=198.69428020000487, value=i, duration=None>
198.6978 	DATA 	Keypress: i
198.7960 	EXP 	Device response: <KeyPress from None: t=198.69428020000487, value=i, duration=0.09614889999647858>
199.0160 	EXP 	Device response: <KeyPress from None: t=199.01466400000209, value=n, duration=None>
199.0185 	DATA 	Keypress: n
199.1458 	EXP 	Device response: <KeyPress from None: t=199.01466400000209, value=n, duration=0.12765950000175508>
199.1678 	DATA 	Keypress: s
199.1757 	EXP 	Device response: <KeyPress from None: t=199.16623339999933, value=s, duration=None>
199.2759 	EXP 	Device response: <KeyPress from None: t=199.16623339999933, value=s, duration=0.10406330000114394>
200.1057 	EXP 	Device response: <KeyPress from None: t=200.10265190000064, value=return, duration=None>
200.1117 	DATA 	Keypress: return
200.1154 	EXP 	recall_prompt: autoDraw = False
200.1154 	EXP 	typed_response: autoDraw = False
200.1154 	EXP 	recog_prompt: height = np.float64(0.04)
200.1154 	EXP 	recog_prompt: height = np.float64(0.04)
200.1154 	EXP 	recog_prompt: height = np.float64(0.04)
200.1154 	EXP 	recog_prompt: text = "A wall that moves\n\nDid you see or hear this definition earlier?\n\nPress 'Y' for YES\nPress 'N' for NO"
200.1154 	EXP 	recog_prompt: text = "A wall that moves\n\nDid you see or hear this definition earlier?\n\nPress 'Y' for YES\nPress 'N' for NO"
200.2260 	EXP 	Device response: <KeyPress from None: t=200.10265190000064, value=return, duration=0.1200167999995756>
200.6056 	INFO 	Keyboard events cleared
200.6054 	EXP 	recog_prompt: autoDraw = True
201.5058 	EXP 	Device response: <KeyPress from None: t=201.50272340000083, value=y, duration=None>
201.5069 	DATA 	Keypress: y
201.5154 	EXP 	recog_prompt: autoDraw = False
201.6259 	EXP 	Device response: <KeyPress from None: t=201.50272340000083, value=y, duration=0.11995720000413712>
202.0056 	INFO 	Keyboard events cleared
202.0054 	EXP 	source_prompt: autoDraw = True
203.5057 	EXP 	Device response: <KeyPress from None: t=203.50271470000007, value=a, duration=None>
203.5068 	DATA 	Keypress: a
203.5151 	EXP 	source_prompt: autoDraw = False
203.6156 	EXP 	Device response: <KeyPress from None: t=203.50271470000007, value=a, duration=0.10361480000574375>
204.0053 	INFO 	Keyboard events cleared
204.0052 	EXP 	rk_prompt: autoDraw = True
204.8855 	EXP 	Device response: <KeyPress from None: t=204.87880610000138, value=1, duration=None>
204.8859 	EXP 	New trial (rep=0, index=12): <Trial 12 (12 in rep 0) data={'definition': 'A metal umbrella for wheels', 'word': 'HUBCAP', 'old_new': 'old', 'correct_old_new': 'yes', 'thisN': 12, 'thisTrialN': 12, 'thisRepN': 0}>
204.8933 	DATA 	Keypress: 1
204.8953 	EXP 	rk_prompt: autoDraw = False
204.8953 	EXP 	recall_prompt: height = np.float64(0.04)
204.8953 	EXP 	recall_prompt: height = np.float64(0.04)
204.8953 	EXP 	recall_prompt: height = np.float64(0.04)
204.8953 	EXP 	recall_prompt: text = ''
204.8953 	EXP 	recall_prompt: height = np.float64(0.04)
204.8953 	EXP 	recall_prompt: height = np.float64(0.04)
204.8953 	EXP 	recall_prompt: height = np.float64(0.04)
204.8953 	EXP 	recall_prompt: text = 'A metal umbrella for wheels\n\nType the word below and press ENTER to submit.'
204.9761 	EXP 	Device response: <KeyPress from None: t=204.87880610000138, value=1, duration=0.09599259999959031>
205.3848 	INFO 	Keyboard events cleared
205.3847 	EXP 	recall_prompt: autoDraw = True
205.3847 	EXP 	typed_response: autoDraw = True
213.2966 	DATA 	Keypress: n
213.3042 	EXP 	Device response: <KeyPress from None: t=213.29450570000336, value=n, duration=None>
213.4046 	EXP 	Device response: <KeyPress from None: t=213.29450570000336, value=n, duration=0.10395360000256915>
213.4083 	DATA 	Keypress: a
213.4142 	EXP 	Device response: <KeyPress from None: t=213.406298599999, value=a, duration=None>
213.5243 	EXP 	Device response: <KeyPress from None: t=213.406298599999, value=a, duration=0.11193050000292715>
214.4482 	DATA 	Keypress: return
214.4540 	EXP 	Device response: <KeyPress from None: t=214.4467339000039, value=return, duration=None>
214.4636 	EXP 	recall_prompt: autoDraw = False
214.4636 	EXP 	typed_response: autoDraw = False
214.4636 	EXP 	recog_prompt: height = np.float64(0.04)
214.4636 	EXP 	recog_prompt: height = np.float64(0.04)
214.4636 	EXP 	recog_prompt: height = np.float64(0.04)
214.4636 	EXP 	recog_prompt: text = "A metal umbrella for wheels\n\nDid you see or hear this definition earlier?\n\nPress 'Y' for YES\nPress 'N' for NO"
214.4636 	EXP 	recog_prompt: text = "A metal umbrella for wheels\n\nDid you see or hear this definition earlier?\n\nPress 'Y' for YES\nPress 'N' for NO"
214.5645 	EXP 	Device response: <KeyPress from None: t=214.4467339000039, value=return, duration=0.1119507999974303>
214.9540 	INFO 	Keyboard events cleared
214.9539 	EXP 	recog_prompt: autoDraw = True
216.3542 	EXP 	Device response: <KeyPress from None: t=216.35091639999882, value=n, duration=None>
216.3548 	EXP 	New trial (rep=0, index=13): <Trial 13 (13 in rep 0) data={'definition': 'A pocket sun', 'word': 'FLASHLIGHT', 'old_new': 'old', 'correct_old_new': 'yes', 'thisN': 13, 'thisTrialN': 13, 'thisRepN': 0}>
216.3616 	DATA 	Keypress: n
216.3635 	EXP 	recog_prompt: autoDraw = False
216.3635 	EXP 	source_prompt: autoDraw = False
216.3635 	EXP 	rk_prompt: autoDraw = False
216.3635 	EXP 	recall_prompt: height = np.float64(0.04)
216.3635 	EXP 	recall_prompt: height = np.float64(0.04)
216.3635 	EXP 	recall_prompt: height = np.float64(0.04)
216.3635 	EXP 	recall_prompt: text = ''
216.3635 	EXP 	recall_prompt: height = np.float64(0.04)
216.3635 	EXP 	recall_prompt: height = np.float64(0.04)
216.3635 	EXP 	recall_prompt: height = np.float64(0.04)
216.3635 	EXP 	recall_prompt: text = 'A pocket sun\n\nType the word below and press ENTER to submit.'
216.4643 	EXP 	Device response: <KeyPress from None: t=216.35091639999882, value=n, duration=0.10356430000683758>
216.8534 	INFO 	Keyboard events cleared
216.8534 	EXP 	recall_prompt: autoDraw = True
216.8534 	EXP 	typed_response: autoDraw = True
220.3933 	EXP 	Device response: <KeyPress from None: t=220.39046140000573, value=f, duration=None>
220.3974 	DATA 	Keypress: f
220.5337 	EXP 	Device response: <KeyPress from None: t=220.39046140000573, value=f, duration=0.13628089999838267>
220.5434 	EXP 	Device response: <KeyPress from None: t=220.5422569000002, value=l, duration=None>
220.5459 	DATA 	Keypress: l
220.6135 	EXP 	Device response: <KeyPress from None: t=220.60631590000412, value=a, duration=None>
220.6171 	DATA 	Keypress: a
220.6234 	EXP 	Device response: <KeyPress from None: t=220.5422569000002, value=l, duration=0.07201039999927161>
220.7435 	EXP 	Device response: <KeyPress from None: t=220.7422949000029, value=s, duration=None>
220.7457 	DATA 	Keypress: s
220.7533 	EXP 	Device response: <KeyPress from None: t=220.60631590000412, value=a, duration=0.14401619999989634>
220.8534 	EXP 	Device response: <KeyPress from None: t=220.7422949000029, value=s, duration=0.10412519999954384>
220.9134 	EXP 	Device response: <KeyPress from None: t=220.9106025000001, value=h, duration=None>
220.9163 	DATA 	Keypress: h
221.0235 	EXP 	Device response: <KeyPress from None: t=220.9106025000001, value=h, duration=0.1038027000031434>
221.4080 	DATA 	Keypress: l
221.4133 	EXP 	Device response: <KeyPress from None: t=221.40654910000012, value=l, duration=None>
221.4932 	EXP 	Device response: <KeyPress from None: t=221.40654910000012, value=l, duration=0.07978530000400497>
221.5445 	DATA 	Keypress: i
221.5530 	EXP 	Device response: <KeyPress from None: t=221.54252760000236, value=i, duration=None>
221.6331 	EXP 	Device response: <KeyPress from None: t=221.54252760000236, value=i, duration=0.08787879999727011>
221.6831 	EXP 	Device response: <KeyPress from None: t=221.67834869999933, value=g, duration=None>
221.6852 	DATA 	Keypress: g
221.7834 	EXP 	Device response: <KeyPress from None: t=221.67834869999933, value=g, duration=0.10412750000250526>
221.8269 	DATA 	Keypress: h
221.8331 	EXP 	Device response: <KeyPress from None: t=221.82264630000282, value=h, duration=None>
221.9233 	EXP 	Device response: <KeyPress from None: t=221.82264630000282, value=h, duration=0.09572219999972731>
221.9730 	EXP 	Device response: <KeyPress from None: t=221.96625260000292, value=t, duration=None>
221.9742 	DATA 	Keypress: t
222.0931 	EXP 	Device response: <KeyPress from None: t=221.96625260000292, value=t, duration=0.12011499999789521>
223.2929 	EXP 	Device response: <KeyPress from None: t=223.28646450000087, value=return, duration=None>
223.2983 	DATA 	Keypress: return
223.3026 	EXP 	recall_prompt: autoDraw = False
223.3026 	EXP 	typed_response: autoDraw = False
223.3026 	EXP 	recog_prompt: height = np.float64(0.04)
223.3026 	EXP 	recog_prompt: height = np.float64(0.04)
223.3026 	EXP 	recog_prompt: height = np.float64(0.04)
223.3026 	EXP 	recog_prompt: text = "A pocket sun\n\nDid you see or hear this definition earlier?\n\nPress 'Y' for YES\nPress 'N' for NO"
223.3026 	EXP 	recog_prompt: text = "A pocket sun\n\nDid you see or hear this definition earlier?\n\nPress 'Y' for YES\nPress 'N' for NO"
223.4530 	EXP 	Device response: <KeyPress from None: t=223.28646450000087, value=return, duration=0.1602679999996326>
223.7929 	INFO 	Keyboard events cleared
223.7928 	EXP 	recog_prompt: autoDraw = True
225.9533 	EXP 	Device response: <KeyPress from None: t=225.95090670000354, value=y, duration=None>
225.9544 	DATA 	Keypress: y
225.9624 	EXP 	recog_prompt: autoDraw = False
226.0628 	EXP 	Device response: <KeyPress from None: t=225.95090670000354, value=y, duration=0.10357479999947827>
226.4527 	INFO 	Keyboard events cleared
226.4525 	EXP 	source_prompt: autoDraw = True
227.8529 	EXP 	Device response: <KeyPress from None: t=227.84685390000232, value=a, duration=None>
227.8541 	DATA 	Keypress: a
227.8622 	EXP 	source_prompt: autoDraw = False
228.0027 	EXP 	Device response: <KeyPress from None: t=227.84685390000232, value=a, duration=0.15170280000165803>
228.3525 	INFO 	Keyboard events cleared
228.3524 	EXP 	rk_prompt: autoDraw = True
230.4027 	EXP 	Device response: <KeyPress from None: t=230.39888659999997, value=2, duration=None>
230.4031 	EXP 	New trial (rep=0, index=14): <Trial 14 (14 in rep 0) data={'definition': 'A wooden road sign', 'word': 'SIGNPOST', 'old_new': 'new', 'correct_old_new': 'no', 'thisN': 14, 'thisTrialN': 14, 'thisRepN': 0}>
230.4114 	DATA 	Keypress: 2
230.4131 	EXP 	rk_prompt: autoDraw = False
230.4131 	EXP 	recall_prompt: height = np.float64(0.04)
230.4131 	EXP 	recall_prompt: height = np.float64(0.04)
230.4131 	EXP 	recall_prompt: height = np.float64(0.04)
230.4131 	EXP 	recall_prompt: text = ''
230.4131 	EXP 	recall_prompt: height = np.float64(0.04)
230.4131 	EXP 	recall_prompt: height = np.float64(0.04)
230.4131 	EXP 	recall_prompt: height = np.float64(0.04)
230.4131 	EXP 	recall_prompt: text = 'A wooden road sign\n\nType the word below and press ENTER to submit.'
230.5227 	EXP 	Device response: <KeyPress from None: t=230.39888659999997, value=2, duration=0.11976610000419896>
230.9017 	INFO 	Keyboard events cleared
230.9016 	EXP 	recall_prompt: autoDraw = True
230.9016 	EXP 	typed_response: autoDraw = True
238.1011 	EXP 	Device response: <KeyPress from None: t=238.0941415000052, value=n, duration=None>
238.1043 	DATA 	Keypress: n
238.2114 	EXP 	Device response: <KeyPress from None: t=238.0941415000052, value=n, duration=0.11226389999501407>
238.5710 	EXP 	Device response: <KeyPress from None: t=238.5663471000007, value=o, duration=None>
238.5732 	DATA 	Keypress: o
238.6712 	EXP 	Device response: <KeyPress from None: t=238.5663471000007, value=o, duration=0.09595860000263201>
239.1133 	DATA 	Keypress: return
239.1208 	EXP 	Device response: <KeyPress from None: t=239.11062640000455, value=return, duration=None>
239.1306 	EXP 	recall_prompt: autoDraw = False
239.1306 	EXP 	typed_response: autoDraw = False
239.1306 	EXP 	recog_prompt: height = np.float64(0.04)
239.1306 	EXP 	recog_prompt: height = np.float64(0.04)
239.1306 	EXP 	recog_prompt: height = np.float64(0.04)
239.1306 	EXP 	recog_prompt: text = "A wooden road sign\n\nDid you see or hear this definition earlier?\n\nPress 'Y' for YES\nPress 'N' for NO"
239.1306 	EXP 	recog_prompt: text = "A wooden road sign\n\nDid you see or hear this definition earlier?\n\nPress 'Y' for YES\nPress 'N' for NO"
239.2612 	EXP 	Device response: <KeyPress from None: t=239.11062640000455, value=return, duration=0.14410969999880763>
239.6209 	INFO 	Keyboard events cleared
239.6207 	EXP 	recog_prompt: autoDraw = True
240.3512 	EXP 	Device response: <KeyPress from None: t=240.3426569000003, value=n, duration=None>
240.3518 	EXP 	New trial (rep=0, index=15): <Trial 15 (15 in rep 0) data={'definition': 'A metal rainbow', 'word': 'BRIDGE', 'old_new': 'old', 'correct_old_new': 'yes', 'thisN': 15, 'thisTrialN': 15, 'thisRepN': 0}>
240.3592 	DATA 	Keypress: n
240.3610 	EXP 	recog_prompt: autoDraw = False
240.3610 	EXP 	source_prompt: autoDraw = False
240.3610 	EXP 	rk_prompt: autoDraw = False
240.3610 	EXP 	recall_prompt: height = np.float64(0.04)
240.3610 	EXP 	recall_prompt: height = np.float64(0.04)
240.3610 	EXP 	recall_prompt: height = np.float64(0.04)
240.3610 	EXP 	recall_prompt: text = ''
240.3610 	EXP 	recall_prompt: height = np.float64(0.04)
240.3610 	EXP 	recall_prompt: height = np.float64(0.04)
240.3610 	EXP 	recall_prompt: height = np.float64(0.04)
240.3610 	EXP 	recall_prompt: text = 'A metal rainbow\n\nType the word below and press ENTER to submit.'
240.4615 	EXP 	Device response: <KeyPress from None: t=240.3426569000003, value=n, duration=0.11208590000023833>
240.8523 	INFO 	Keyboard events cleared
240.8522 	EXP 	recall_prompt: autoDraw = True
240.8522 	EXP 	typed_response: autoDraw = True
243.6105 	EXP 	Device response: <KeyPress from None: t=243.6064841000043, value=b, duration=None>
243.6140 	DATA 	Keypress: b
243.7103 	EXP 	Device response: <KeyPress from None: t=243.6064841000043, value=b, duration=0.09597009999561124>
244.2005 	EXP 	Device response: <KeyPress from None: t=244.19911280000088, value=r, duration=None>
244.2028 	DATA 	Keypress: r
244.2625 	DATA 	Keypress: i
244.2701 	EXP 	Device response: <KeyPress from None: t=244.26228619999893, value=i, duration=None>
244.2903 	EXP 	Device response: <KeyPress from None: t=244.19911280000088, value=r, duration=0.08750890000374056>
244.3602 	EXP 	Device response: <KeyPress from None: t=244.26228619999893, value=i, duration=0.09607340000366094>
244.6901 	EXP 	Device response: <KeyPress from None: t=244.68674250000186, value=d, duration=None>
244.6924 	DATA 	Keypress: d
244.7901 	EXP 	Device response: <KeyPress from None: t=244.68674250000186, value=d, duration=0.09542789999977686>
244.8504 	EXP 	Device response: <KeyPress from None: t=244.84655580000253, value=g, duration=None>
244.8524 	DATA 	Keypress: g
244.9828 	DATA 	Keypress: e
244.9901 	EXP 	Device response: <KeyPress from None: t=244.84655580000253, value=g, duration=0.13585040000180015>
244.9901 	EXP 	Device response: <KeyPress from None: t=244.98240620000433, value=e, duration=None>
245.0701 	EXP 	Device response: <KeyPress from None: t=244.98240620000433, value=e, duration=0.07991079999919748>
245.6728 	DATA 	Keypress: return
245.6800 	EXP 	Device response: <KeyPress from None: t=245.67094139999972, value=return, duration=None>
245.6897 	EXP 	recall_prompt: autoDraw = False
245.6897 	EXP 	typed_response: autoDraw = False
245.6897 	EXP 	recog_prompt: height = np.float64(0.04)
245.6897 	EXP 	recog_prompt: height = np.float64(0.04)
245.6897 	EXP 	recog_prompt: height = np.float64(0.04)
245.6897 	EXP 	recog_prompt: text = "A metal rainbow\n\nDid you see or hear this definition earlier?\n\nPress 'Y' for YES\nPress 'N' for NO"
245.6897 	EXP 	recog_prompt: text = "A metal rainbow\n\nDid you see or hear this definition earlier?\n\nPress 'Y' for YES\nPress 'N' for NO"
245.8004 	EXP 	Device response: <KeyPress from None: t=245.67094139999972, value=return, duration=0.12001340000279015>
246.1800 	INFO 	Keyboard events cleared
246.1799 	EXP 	recog_prompt: autoDraw = True
247.0714 	DATA 	Keypress: y
247.0801 	EXP 	Device response: <KeyPress from None: t=247.07071469999937, value=y, duration=None>
247.0895 	EXP 	recog_prompt: autoDraw = False
247.1800 	EXP 	Device response: <KeyPress from None: t=247.07071469999937, value=y, duration=0.1037724000052549>
247.5799 	INFO 	Keyboard events cleared
247.5798 	EXP 	source_prompt: autoDraw = True
247.9916 	DATA 	Keypress: v
248.0003 	EXP 	Device response: <KeyPress from None: t=247.99060360000294, value=v, duration=None>
248.0097 	EXP 	source_prompt: autoDraw = False
248.1001 	EXP 	Device response: <KeyPress from None: t=247.99060360000294, value=v, duration=0.1038639999969746>
248.4997 	INFO 	Keyboard events cleared
248.4996 	EXP 	rk_prompt: autoDraw = True
249.5603 	EXP 	Device response: <KeyPress from None: t=249.5594392999992, value=1, duration=None>
249.5608 	EXP 	New trial (rep=0, index=16): <Trial 16 (16 in rep 0) data={'definition': 'A portable shadow box', 'word': 'SUITCASE', 'old_new': 'old', 'correct_old_new': 'yes', 'thisN': 16, 'thisTrialN': 16, 'thisRepN': 0}>
249.5678 	DATA 	Keypress: 1
249.5700 	EXP 	rk_prompt: autoDraw = False
249.5700 	EXP 	recall_prompt: height = np.float64(0.04)
249.5700 	EXP 	recall_prompt: height = np.float64(0.04)
249.5700 	EXP 	recall_prompt: height = np.float64(0.04)
249.5700 	EXP 	recall_prompt: text = ''
249.5700 	EXP 	recall_prompt: height = np.float64(0.04)
249.5700 	EXP 	recall_prompt: height = np.float64(0.04)
249.5700 	EXP 	recall_prompt: height = np.float64(0.04)
249.5700 	EXP 	recall_prompt: text = 'A portable shadow box\n\nType the word below and press ENTER to submit.'
249.6603 	EXP 	Device response: <KeyPress from None: t=249.5594392999992, value=1, duration=0.09492810000665486>
250.0592 	INFO 	Keyboard events cleared
250.0592 	EXP 	recall_prompt: autoDraw = True
250.0592 	EXP 	typed_response: autoDraw = True
252.6391 	EXP 	Device response: <KeyPress from None: t=252.63822269999946, value=u, duration=None>
252.6425 	DATA 	Keypress: u
252.7392 	EXP 	Device response: <KeyPress from None: t=252.63822269999946, value=u, duration=0.09605780000129016>
252.9090 	EXP 	Device response: <KeyPress from None: t=252.9022180000029, value=m, duration=None>
252.9109 	DATA 	Keypress: m
253.0290 	EXP 	Device response: <KeyPress from None: t=252.9022180000029, value=m, duration=0.11992219999956433>
253.0316 	DATA 	Keypress: b
253.0390 	EXP 	Device response: <KeyPress from None: t=253.03019060000224, value=b, duration=None>
253.1389 	EXP 	Device response: <KeyPress from None: t=253.03019060000224, value=b, duration=0.10402559999783989>
254.0592 	EXP 	Device response: <KeyPress from None: t=254.05456699999922, value=r, duration=None>
254.0634 	DATA 	Keypress: r
254.1518 	DATA 	Keypress: e
254.1593 	EXP 	Device response: <KeyPress from None: t=254.15042660000472, value=e, duration=None>
254.2090 	EXP 	Device response: <KeyPress from None: t=254.05456699999922, value=r, duration=0.14373670000350103>
254.2690 	EXP 	Device response: <KeyPress from None: t=254.15042660000472, value=e, duration=0.11173659999622032>
254.4707 	DATA 	Keypress: l
254.4787 	EXP 	Device response: <KeyPress from None: t=254.47024980000424, value=l, duration=None>
254.5588 	EXP 	Device response: <KeyPress from None: t=254.47024980000424, value=l, duration=0.08807359999627806>
254.6313 	DATA 	Keypress: l
254.6389 	EXP 	Device response: <KeyPress from None: t=254.63016790000256, value=l, duration=None>
254.7387 	EXP 	Device response: <KeyPress from None: t=254.63016790000256, value=l, duration=0.10409870000148658>
256.4424 	DATA 	Keypress: backspace
256.4487 	EXP 	Device response: <KeyPress from None: t=256.43878110000514, value=backspace, duration=None>
257.2786 	EXP 	Device response: <KeyPress from None: t=256.43878110000514, value=backspace, duration=0.8315478000004077>
266.0874 	EXP 	Device response: <KeyPress from None: t=266.0864008999997, value=n, duration=None>
266.0897 	DATA 	Keypress: n
266.1876 	EXP 	Device response: <KeyPress from None: t=266.182312200006, value=o, duration=None>
266.1904 	DATA 	Keypress: o
266.2074 	EXP 	Device response: <KeyPress from None: t=266.0864008999997, value=n, duration=0.12006670000118902>
266.2473 	EXP 	Device response: <KeyPress from None: t=266.182312200006, value=o, duration=0.05587429999286542>
266.7194 	DATA 	Keypress: return
266.7275 	EXP 	Device response: <KeyPress from None: t=266.71850149999955, value=return, duration=None>
266.7372 	EXP 	recall_prompt: autoDraw = False
266.7372 	EXP 	typed_response: autoDraw = False
266.7372 	EXP 	recog_prompt: height = np.float64(0.04)
266.7372 	EXP 	recog_prompt: height = np.float64(0.04)
266.7372 	EXP 	recog_prompt: height = np.float64(0.04)
266.7372 	EXP 	recog_prompt: text = "A portable shadow box\n\nDid you see or hear this definition earlier?\n\nPress 'Y' for YES\nPress 'N' for NO"
266.7372 	EXP 	recog_prompt: text = "A portable shadow box\n\nDid you see or hear this definition earlier?\n\nPress 'Y' for YES\nPress 'N' for NO"
266.8475 	EXP 	Device response: <KeyPress from None: t=266.71850149999955, value=return, duration=0.12818260000494774>
267.2276 	INFO 	Keyboard events cleared
267.2274 	EXP 	recog_prompt: autoDraw = True
271.0086 	DATA 	Keypress: n
271.0172 	EXP 	Device response: <KeyPress from None: t=271.00668730000325, value=n, duration=None>
271.0178 	EXP 	New trial (rep=0, index=17): <Trial 17 (17 in rep 0) data={'definition': 'A spoon with ambition', 'word': 'SHOVEL', 'old_new': 'old', 'correct_old_new': 'yes', 'thisN': 17, 'thisTrialN': 17, 'thisRepN': 0}>
271.0263 	EXP 	recog_prompt: autoDraw = False
271.0263 	EXP 	source_prompt: autoDraw = False
271.0263 	EXP 	rk_prompt: autoDraw = False
271.0263 	EXP 	recall_prompt: height = np.float64(0.04)
271.0263 	EXP 	recall_prompt: height = np.float64(0.04)
271.0263 	EXP 	recall_prompt: height = np.float64(0.04)
271.0263 	EXP 	recall_prompt: text = ''
271.0263 	EXP 	recall_prompt: height = np.float64(0.04)
271.0263 	EXP 	recall_prompt: height = np.float64(0.04)
271.0263 	EXP 	recall_prompt: height = np.float64(0.04)
271.0263 	EXP 	recall_prompt: text = 'A spoon with ambition\n\nType the word below and press ENTER to submit.'
271.1173 	EXP 	Device response: <KeyPress from None: t=271.00668730000325, value=n, duration=0.10391559999698075>
271.5184 	INFO 	Keyboard events cleared
271.5184 	EXP 	recall_prompt: autoDraw = True
271.5184 	EXP 	typed_response: autoDraw = True
273.3764 	EXP 	Device response: <KeyPress from None: t=273.3743264000004, value=s, duration=None>
273.3789 	DATA 	Keypress: s
273.4864 	EXP 	Device response: <KeyPress from None: t=273.3743264000004, value=s, duration=0.1038953000024776>
273.4865 	EXP 	Device response: <KeyPress from None: t=273.48633960000006, value=h, duration=None>
273.4883 	DATA 	Keypress: h
273.5592 	DATA 	Keypress: o
273.5664 	EXP 	Device response: <KeyPress from None: t=273.55837430000247, value=o, duration=None>
273.6265 	EXP 	Device response: <KeyPress from None: t=273.48633960000006, value=h, duration=0.13612580000335583>
273.7063 	EXP 	Device response: <KeyPress from None: t=273.55837430000247, value=o, duration=0.14393820000259439>
273.8164 	EXP 	Device response: <KeyPress from None: t=273.81436550000217, value=v, duration=None>
273.8183 	DATA 	Keypress: v
273.9164 	EXP 	Device response: <KeyPress from None: t=273.81436550000217, value=v, duration=0.09608390000357758>
273.9564 	EXP 	Device response: <KeyPress from None: t=273.9503676000022, value=e, duration=None>
273.9584 	DATA 	Keypress: e
274.0790 	DATA 	Keypress: l
274.0863 	EXP 	Device response: <KeyPress from None: t=273.9503676000022, value=e, duration=0.12802299999748357>
274.0864 	EXP 	Device response: <KeyPress from None: t=274.0783905999997, value=l, duration=None>
274.1767 	EXP 	Device response: <KeyPress from None: t=274.0783905999997, value=l, duration=0.09624450000410434>
274.6885 	DATA 	Keypress: return
274.6963 	EXP 	Device response: <KeyPress from None: t=274.68692650000594, value=return, duration=None>
274.7060 	EXP 	recall_prompt: autoDraw = False
274.7060 	EXP 	typed_response: autoDraw = False
274.7060 	EXP 	recog_prompt: height = np.float64(0.04)
274.7060 	EXP 	recog_prompt: height = np.float64(0.04)
274.7060 	EXP 	recog_prompt: height = np.float64(0.04)
274.7060 	EXP 	recog_prompt: text = "A spoon with ambition\n\nDid you see or hear this definition earlier?\n\nPress 'Y' for YES\nPress 'N' for NO"
274.7060 	EXP 	recog_prompt: text = "A spoon with ambition\n\nDid you see or hear this definition earlier?\n\nPress 'Y' for YES\nPress 'N' for NO"
274.7865 	EXP 	Device response: <KeyPress from None: t=274.68692650000594, value=return, duration=0.0960373999987496>
275.1962 	INFO 	Keyboard events cleared
275.1960 	EXP 	recog_prompt: autoDraw = True
279.1260 	EXP 	Device response: <KeyPress from None: t=279.1186392000018, value=y, duration=None>
279.1271 	DATA 	Keypress: y
279.1355 	EXP 	recog_prompt: autoDraw = False
279.2260 	EXP 	Device response: <KeyPress from None: t=279.1186392000018, value=y, duration=0.10417779999988852>
279.6258 	INFO 	Keyboard events cleared
279.6256 	EXP 	source_prompt: autoDraw = True
282.5157 	EXP 	Device response: <KeyPress from None: t=282.5106659000012, value=v, duration=None>
282.5168 	DATA 	Keypress: v
282.5252 	EXP 	source_prompt: autoDraw = False
282.6256 	EXP 	Device response: <KeyPress from None: t=282.5106659000012, value=v, duration=0.11218470000312664>
283.0154 	INFO 	Keyboard events cleared
283.0153 	EXP 	rk_prompt: autoDraw = True
283.3673 	DATA 	Keypress: 1
283.3755 	EXP 	Device response: <KeyPress from None: t=283.3666979000045, value=1, duration=None>
283.3758 	EXP 	New trial (rep=0, index=18): <Trial 18 (18 in rep 0) data={'definition': 'A polite skeleton for tents', 'word': 'POLE', 'old_new': 'old', 'correct_old_new': 'yes', 'thisN': 18, 'thisTrialN': 18, 'thisRepN': 0}>
283.3848 	EXP 	rk_prompt: autoDraw = False
283.3848 	EXP 	recall_prompt: height = np.float64(0.04)
283.3848 	EXP 	recall_prompt: height = np.float64(0.04)
283.3848 	EXP 	recall_prompt: height = np.float64(0.04)
283.3848 	EXP 	recall_prompt: text = ''
283.3848 	EXP 	recall_prompt: height = np.float64(0.04)
283.3848 	EXP 	recall_prompt: height = np.float64(0.04)
283.3848 	EXP 	recall_prompt: height = np.float64(0.04)
283.3848 	EXP 	recall_prompt: text = 'A polite skeleton for tents\n\nType the word below and press ENTER to submit.'
283.4860 	EXP 	Device response: <KeyPress from None: t=283.3666979000045, value=1, duration=0.11180500000045868>
283.8750 	INFO 	Keyboard events cleared
283.8749 	EXP 	recall_prompt: autoDraw = True
283.8749 	EXP 	typed_response: autoDraw = True
286.5988 	DATA 	Keypress: p
286.6047 	EXP 	Device response: <KeyPress from None: t=286.5985421000005, value=p, duration=None>
286.7547 	EXP 	Device response: <KeyPress from None: t=286.7503769000032, value=o, duration=None>
286.7579 	DATA 	Keypress: o
286.7947 	EXP 	Device response: <KeyPress from None: t=286.5985421000005, value=p, duration=0.19172519999847282>
286.8947 	EXP 	Device response: <KeyPress from None: t=286.7503769000032, value=o, duration=0.14401270000234945>
287.2147 	EXP 	Device response: <KeyPress from None: t=287.2143684000039, value=l, duration=None>
287.2166 	DATA 	Keypress: l
287.3447 	EXP 	Device response: <KeyPress from None: t=287.2143684000039, value=l, duration=0.12823719999869354>
287.3668 	DATA 	Keypress: e
287.3747 	EXP 	Device response: <KeyPress from None: t=287.36633710000024, value=e, duration=None>
287.4946 	EXP 	Device response: <KeyPress from None: t=287.36633710000024, value=e, duration=0.12802340000052936>
288.1946 	EXP 	Device response: <KeyPress from None: t=288.1905162000039, value=return, duration=None>
288.2007 	DATA 	Keypress: return
288.2043 	EXP 	recall_prompt: autoDraw = False
288.2043 	EXP 	typed_response: autoDraw = False
288.2043 	EXP 	recog_prompt: height = np.float64(0.04)
288.2043 	EXP 	recog_prompt: height = np.float64(0.04)
288.2043 	EXP 	recog_prompt: height = np.float64(0.04)
288.2043 	EXP 	recog_prompt: text = "A polite skeleton for tents\n\nDid you see or hear this definition earlier?\n\nPress 'Y' for YES\nPress 'N' for NO"
288.2043 	EXP 	recog_prompt: text = "A polite skeleton for tents\n\nDid you see or hear this definition earlier?\n\nPress 'Y' for YES\nPress 'N' for NO"
288.2849 	EXP 	Device response: <KeyPress from None: t=288.1905162000039, value=return, duration=0.0883867000011378>
288.6943 	INFO 	Keyboard events cleared
288.6942 	EXP 	recog_prompt: autoDraw = True
292.0845 	EXP 	Device response: <KeyPress from None: t=292.0787249999994, value=y, duration=None>
292.0858 	DATA 	Keypress: y
292.0940 	EXP 	recog_prompt: autoDraw = False
292.1947 	EXP 	Device response: <KeyPress from None: t=292.0787249999994, value=y, duration=0.11186670000461163>
292.5841 	INFO 	Keyboard events cleared
292.5840 	EXP 	source_prompt: autoDraw = True
293.8944 	EXP 	Device response: <KeyPress from None: t=293.8865777000028, value=a, duration=None>
293.8955 	DATA 	Keypress: a
293.9037 	EXP 	source_prompt: autoDraw = False
294.0244 	EXP 	Device response: <KeyPress from None: t=293.8865777000028, value=a, duration=0.1278909000029671>
294.3940 	INFO 	Keyboard events cleared
294.3939 	EXP 	rk_prompt: autoDraw = True
294.8640 	EXP 	Device response: <KeyPress from None: t=294.8630125000054, value=1, duration=None>
294.8643 	EXP 	New trial (rep=0, index=19): <Trial 19 (19 in rep 0) data={'definition': 'A metal ladder for water', 'word': 'PIPELINE', 'old_new': 'new', 'correct_old_new': 'no', 'thisN': 19, 'thisTrialN': 19, 'thisRepN': 0}>
294.8709 	DATA 	Keypress: 1
294.8734 	EXP 	rk_prompt: autoDraw = False
294.8734 	EXP 	recall_prompt: height = np.float64(0.04)
294.8734 	EXP 	recall_prompt: height = np.float64(0.04)
294.8734 	EXP 	recall_prompt: height = np.float64(0.04)
294.8734 	EXP 	recall_prompt: text = ''
294.8734 	EXP 	recall_prompt: height = np.float64(0.04)
294.8734 	EXP 	recall_prompt: height = np.float64(0.04)
294.8734 	EXP 	recall_prompt: height = np.float64(0.04)
294.8734 	EXP 	recall_prompt: text = 'A metal ladder for water\n\nType the word below and press ENTER to submit.'
294.9744 	EXP 	Device response: <KeyPress from None: t=294.8630125000054, value=1, duration=0.10345509999751812>
295.3634 	INFO 	Keyboard events cleared
295.3634 	EXP 	recall_prompt: autoDraw = True
295.3634 	EXP 	typed_response: autoDraw = True
299.6029 	EXP 	Device response: <KeyPress from None: t=299.59831850000046, value=p, duration=None>
299.6049 	DATA 	Keypress: p
299.7431 	EXP 	Device response: <KeyPress from None: t=299.59831850000046, value=p, duration=0.14394570000149542>
299.7753 	DATA 	Keypress: i
299.7832 	EXP 	Device response: <KeyPress from None: t=299.77441220000037, value=i, duration=None>
299.8931 	EXP 	Device response: <KeyPress from None: t=299.77441220000037, value=i, duration=0.11185970000224188>
299.9337 	EXP 	Device response: <KeyPress from None: t=299.9262684999994, value=p, duration=None>
299.9354 	DATA 	Keypress: p
300.0630 	EXP 	Device response: <KeyPress from None: t=299.9262684999994, value=p, duration=0.12794690000009723>
300.3753 	DATA 	Keypress: e
300.3830 	EXP 	Device response: <KeyPress from None: t=300.37440010000137, value=e, duration=None>
300.4730 	EXP 	Device response: <KeyPress from None: t=300.37440010000137, value=e, duration=0.09590729999763425>
300.7759 	DATA 	Keypress: return
300.7830 	EXP 	Device response: <KeyPress from None: t=300.77462930000183, value=return, duration=None>
300.7927 	EXP 	recall_prompt: autoDraw = False
300.7927 	EXP 	typed_response: autoDraw = False
300.7927 	EXP 	recog_prompt: height = np.float64(0.04)
300.7927 	EXP 	recog_prompt: height = np.float64(0.04)
300.7927 	EXP 	recog_prompt: height = np.float64(0.04)
300.7927 	EXP 	recog_prompt: text = "A metal ladder for water\n\nDid you see or hear this definition earlier?\n\nPress 'Y' for YES\nPress 'N' for NO"
300.7927 	EXP 	recog_prompt: text = "A metal ladder for water\n\nDid you see or hear this definition earlier?\n\nPress 'Y' for YES\nPress 'N' for NO"
300.9333 	EXP 	Device response: <KeyPress from None: t=300.77462930000183, value=return, duration=0.1521708000000217>
301.2830 	INFO 	Keyboard events cleared
301.2828 	EXP 	recog_prompt: autoDraw = True
302.2632 	EXP 	Device response: <KeyPress from None: t=302.25488430000405, value=y, duration=None>
302.2643 	DATA 	Keypress: y
302.2727 	EXP 	recog_prompt: autoDraw = False
302.3632 	EXP 	Device response: <KeyPress from None: t=302.25488430000405, value=y, duration=0.10377819999848725>
302.7627 	INFO 	Keyboard events cleared
302.7626 	EXP 	source_prompt: autoDraw = True
304.8242 	DATA 	Keypress: v
304.8330 	EXP 	Device response: <KeyPress from None: t=304.8230126000053, value=v, duration=None>
304.8424 	EXP 	source_prompt: autoDraw = False
304.9129 	EXP 	Device response: <KeyPress from None: t=304.8230126000053, value=v, duration=0.08770639999420382>
305.3325 	INFO 	Keyboard events cleared
305.3324 	EXP 	rk_prompt: autoDraw = True
306.5121 	EXP 	Device response: <KeyPress from None: t=306.5104030000002, value=apostrophe, duration=None>
306.5126 	DATA 	Keypress: quoteleft
306.6728 	EXP 	Device response: <KeyPress from None: t=306.5104030000002, value=apostrophe, duration=0.1525848000019323>
307.8826 	EXP 	Device response: <KeyPress from None: t=307.87896210000326, value=1, duration=None>
307.8830 	EXP 	New trial (rep=0, index=20): <Trial 20 (20 in rep 0) data={'definition': 'A cloud on a stick', 'word': 'COTTONCANDY', 'old_new': 'old', 'correct_old_new': 'yes', 'thisN': 20, 'thisTrialN': 20, 'thisRepN': 0}>
307.8892 	DATA 	Keypress: 1
307.8918 	EXP 	rk_prompt: autoDraw = False
307.8918 	EXP 	recall_prompt: height = np.float64(0.04)
307.8918 	EXP 	recall_prompt: height = np.float64(0.04)
307.8918 	EXP 	recall_prompt: height = np.float64(0.04)
307.8918 	EXP 	recall_prompt: text = ''
307.8918 	EXP 	recall_prompt: height = np.float64(0.04)
307.8918 	EXP 	recall_prompt: height = np.float64(0.04)
307.8918 	EXP 	recall_prompt: height = np.float64(0.04)
307.8918 	EXP 	recall_prompt: text = 'A cloud on a stick\n\nType the word below and press ENTER to submit.'
307.9829 	EXP 	Device response: <KeyPress from None: t=307.87896210000326, value=1, duration=0.09586819999822183>
308.3818 	INFO 	Keyboard events cleared
308.3817 	EXP 	recall_prompt: autoDraw = True
308.3817 	EXP 	typed_response: autoDraw = True
311.3615 	EXP 	Device response: <KeyPress from None: t=311.3584209000037, value=c, duration=None>
311.3642 	DATA 	Keypress: c
311.4645 	DATA 	Keypress: o
311.4721 	EXP 	Device response: <KeyPress from None: t=311.4623079000012, value=o, duration=None>
311.4722 	EXP 	Device response: <KeyPress from None: t=311.3584209000037, value=c, duration=0.11196869999548653>
311.5517 	EXP 	Device response: <KeyPress from None: t=311.4623079000012, value=o, duration=0.08030200000212062>
311.7036 	DATA 	Keypress: t
311.7120 	EXP 	Device response: <KeyPress from None: t=311.7023460000055, value=t, duration=None>
311.7915 	EXP 	Device response: <KeyPress from None: t=311.7023460000055, value=t, duration=0.08820189999823924>
311.8921 	EXP 	Device response: <KeyPress from None: t=311.8863229999988, value=t, duration=None>
311.8945 	DATA 	Keypress: t
311.9616 	EXP 	Device response: <KeyPress from None: t=311.95884050000313, value=o, duration=None>
311.9645 	DATA 	Keypress: o
311.9914 	EXP 	Device response: <KeyPress from None: t=311.8863229999988, value=t, duration=0.10409650000656256>
312.0715 	EXP 	Device response: <KeyPress from None: t=311.95884050000313, value=o, duration=0.10375219999696128>
312.1442 	DATA 	Keypress: n
312.1516 	EXP 	Device response: <KeyPress from None: t=312.1421890000056, value=n, duration=None>
312.2514 	EXP 	Device response: <KeyPress from None: t=312.1421890000056, value=n, duration=0.10407709999708459>
312.6233 	DATA 	Keypress: space
312.6314 	EXP 	Device response: <KeyPress from None: t=312.62249500000325, value=space, duration=None>
312.7125 	EXP 	Device response: <KeyPress from None: t=312.71125680000114, value=c, duration=None>
312.7151 	DATA 	Keypress: c
312.7213 	EXP 	Device response: <KeyPress from None: t=312.62249500000325, value=space, duration=0.09578899999905843>
312.8414 	EXP 	Device response: <KeyPress from None: t=312.71125680000114, value=c, duration=0.1272783000022173>
312.8514 	EXP 	Device response: <KeyPress from None: t=312.8463339000009, value=a, duration=None>
312.8534 	DATA 	Keypress: a
312.9518 	EXP 	Device response: <KeyPress from None: t=312.8463339000009, value=a, duration=0.10449040000094101>
312.9518 	EXP 	Device response: <KeyPress from None: t=312.95082430000184, value=n, duration=None>
312.9544 	DATA 	Keypress: n
313.0815 	EXP 	Device response: <KeyPress from None: t=312.95082430000184, value=n, duration=0.12753710000106366>
313.1356 	DATA 	Keypress: d
313.1416 	EXP 	Device response: <KeyPress from None: t=313.1345905000053, value=d, duration=None>
313.2318 	EXP 	Device response: <KeyPress from None: t=313.1345905000053, value=d, duration=0.08779999999387655>
313.3414 	EXP 	Device response: <KeyPress from None: t=313.3343127000044, value=y, duration=None>
313.3437 	DATA 	Keypress: y
313.4513 	EXP 	Device response: <KeyPress from None: t=313.3343127000044, value=y, duration=0.11192479999590432>
313.7038 	DATA 	Keypress: return
313.7114 	EXP 	Device response: <KeyPress from None: t=313.7024611000015, value=return, duration=None>
313.7211 	EXP 	recall_prompt: autoDraw = False
313.7211 	EXP 	typed_response: autoDraw = False
313.7211 	EXP 	recog_prompt: height = np.float64(0.04)
313.7211 	EXP 	recog_prompt: height = np.float64(0.04)
313.7211 	EXP 	recog_prompt: height = np.float64(0.04)
313.7211 	EXP 	recog_prompt: text = "A cloud on a stick\n\nDid you see or hear this definition earlier?\n\nPress 'Y' for YES\nPress 'N' for NO"
313.7211 	EXP 	recog_prompt: text = "A cloud on a stick\n\nDid you see or hear this definition earlier?\n\nPress 'Y' for YES\nPress 'N' for NO"
313.8015 	EXP 	Device response: <KeyPress from None: t=313.7024611000015, value=return, duration=0.096315599999798>
314.2114 	INFO 	Keyboard events cleared
314.2113 	EXP 	recog_prompt: autoDraw = True
315.3015 	EXP 	Device response: <KeyPress from None: t=315.2945455000008, value=y, duration=None>
315.3026 	DATA 	Keypress: y
315.3110 	EXP 	recog_prompt: autoDraw = False
315.4215 	EXP 	Device response: <KeyPress from None: t=315.2945455000008, value=y, duration=0.11989280000125291>
315.8012 	INFO 	Keyboard events cleared
315.8011 	EXP 	source_prompt: autoDraw = True
318.5512 	EXP 	Device response: <KeyPress from None: t=318.5506123000014, value=v, duration=None>
318.5523 	DATA 	Keypress: v
318.5607 	EXP 	source_prompt: autoDraw = False
318.6415 	EXP 	Device response: <KeyPress from None: t=318.5506123000014, value=v, duration=0.08801479999965522>
319.0508 	INFO 	Keyboard events cleared
319.0506 	EXP 	rk_prompt: autoDraw = True
319.4911 	EXP 	Device response: <KeyPress from None: t=319.4866234000001, value=2, duration=None>
319.4915 	EXP 	New trial (rep=0, index=21): <Trial 21 (21 in rep 0) data={'definition': 'A clock that bites', 'word': 'TIMER', 'old_new': 'new', 'correct_old_new': 'no', 'thisN': 21, 'thisTrialN': 21, 'thisRepN': 0}>
319.4981 	DATA 	Keypress: 2
319.5004 	EXP 	rk_prompt: autoDraw = False
319.5004 	EXP 	recall_prompt: height = np.float64(0.04)
319.5004 	EXP 	recall_prompt: height = np.float64(0.04)
319.5004 	EXP 	recall_prompt: height = np.float64(0.04)
319.5004 	EXP 	recall_prompt: text = ''
319.5004 	EXP 	recall_prompt: height = np.float64(0.04)
319.5004 	EXP 	recall_prompt: height = np.float64(0.04)
319.5004 	EXP 	recall_prompt: height = np.float64(0.04)
319.5004 	EXP 	recall_prompt: text = 'A clock that bites\n\nType the word below and press ENTER to submit.'
319.5913 	EXP 	Device response: <KeyPress from None: t=319.4866234000001, value=2, duration=0.09620390000054613>
319.9911 	INFO 	Keyboard events cleared
319.9910 	EXP 	recall_prompt: autoDraw = True
319.9910 	EXP 	typed_response: autoDraw = True
324.6799 	EXP 	Device response: <KeyPress from None: t=324.67851010000595, value=d, duration=None>
324.6831 	DATA 	Keypress: d
324.7500 	EXP 	Device response: <KeyPress from None: t=324.74234910000087, value=o, duration=None>
324.7518 	DATA 	Keypress: o
324.7801 	EXP 	Device response: <KeyPress from None: t=324.67851010000595, value=d, duration=0.09571389999473467>
324.8399 	EXP 	Device response: <KeyPress from None: t=324.74234910000087, value=o, duration=0.09593080000195187>
324.9126 	DATA 	Keypress: g
324.9201 	EXP 	Device response: <KeyPress from None: t=324.91039950000413, value=g, duration=None>
324.9999 	EXP 	Device response: <KeyPress from None: t=324.91039950000413, value=g, duration=0.0798237999988487>
326.0317 	DATA 	Keypress: return
326.0399 	EXP 	Device response: <KeyPress from None: t=326.03017700000055, value=return, duration=None>
326.0496 	EXP 	recall_prompt: autoDraw = False
326.0496 	EXP 	typed_response: autoDraw = False
326.0496 	EXP 	recog_prompt: height = np.float64(0.04)
326.0496 	EXP 	recog_prompt: height = np.float64(0.04)
326.0496 	EXP 	recog_prompt: height = np.float64(0.04)
326.0496 	EXP 	recog_prompt: text = "A clock that bites\n\nDid you see or hear this definition earlier?\n\nPress 'Y' for YES\nPress 'N' for NO"
326.0496 	EXP 	recog_prompt: text = "A clock that bites\n\nDid you see or hear this definition earlier?\n\nPress 'Y' for YES\nPress 'N' for NO"
326.1401 	EXP 	Device response: <KeyPress from None: t=326.03017700000055, value=return, duration=0.1044707000037306>
326.5397 	INFO 	Keyboard events cleared
326.5396 	EXP 	recog_prompt: autoDraw = True
328.6103 	EXP 	Device response: <KeyPress from None: t=328.60688700000173, value=n, duration=None>
328.6109 	EXP 	New trial (rep=0, index=22): <Trial 22 (22 in rep 0) data={'definition': 'A sleepy traffic cop', 'word': 'STOPSIGN', 'old_new': 'new', 'correct_old_new': 'no', 'thisN': 22, 'thisTrialN': 22, 'thisRepN': 0}>
328.6183 	DATA 	Keypress: n
328.6199 	EXP 	recog_prompt: autoDraw = False
328.6199 	EXP 	source_prompt: autoDraw = False
328.6199 	EXP 	rk_prompt: autoDraw = False
328.6199 	EXP 	recall_prompt: height = np.float64(0.04)
328.6199 	EXP 	recall_prompt: height = np.float64(0.04)
328.6199 	EXP 	recall_prompt: height = np.float64(0.04)
328.6199 	EXP 	recall_prompt: text = ''
328.6199 	EXP 	recall_prompt: height = np.float64(0.04)
328.6199 	EXP 	recall_prompt: height = np.float64(0.04)
328.6199 	EXP 	recall_prompt: height = np.float64(0.04)
328.6199 	EXP 	recall_prompt: text = 'A sleepy traffic cop\n\nType the word below and press ENTER to submit.'
328.7202 	EXP 	Device response: <KeyPress from None: t=328.60688700000173, value=n, duration=0.1036690000037197>
329.1092 	INFO 	Keyboard events cleared
329.1091 	EXP 	recall_prompt: autoDraw = True
329.1091 	EXP 	typed_response: autoDraw = True
331.8589 	EXP 	Device response: <KeyPress from None: t=331.854356200005, value=n, duration=None>
331.8612 	DATA 	Keypress: n
331.9506 	DATA 	Keypress: o
331.9591 	EXP 	Device response: <KeyPress from None: t=331.9503241000057, value=o, duration=None>
331.9989 	EXP 	Device response: <KeyPress from None: t=331.854356200005, value=n, duration=0.14391780000005383>
332.0790 	EXP 	Device response: <KeyPress from None: t=331.9503241000057, value=o, duration=0.12009119999856921>
332.2691 	EXP 	Device response: <KeyPress from None: t=332.26236600000266, value=return, duration=None>
332.2746 	DATA 	Keypress: return
332.2787 	EXP 	recall_prompt: autoDraw = False
332.2787 	EXP 	typed_response: autoDraw = False
332.2787 	EXP 	recog_prompt: height = np.float64(0.04)
332.2787 	EXP 	recog_prompt: height = np.float64(0.04)
332.2787 	EXP 	recog_prompt: height = np.float64(0.04)
332.2787 	EXP 	recog_prompt: text = "A sleepy traffic cop\n\nDid you see or hear this definition earlier?\n\nPress 'Y' for YES\nPress 'N' for NO"
332.2787 	EXP 	recog_prompt: text = "A sleepy traffic cop\n\nDid you see or hear this definition earlier?\n\nPress 'Y' for YES\nPress 'N' for NO"
332.3696 	EXP 	Device response: <KeyPress from None: t=332.26236600000266, value=return, duration=0.1042680999962613>
332.7691 	INFO 	Keyboard events cleared
332.7689 	EXP 	recog_prompt: autoDraw = True
333.4893 	EXP 	Device response: <KeyPress from None: t=333.4865671000007, value=n, duration=None>
333.4900 	EXP 	New trial (rep=0, index=23): <Trial 23 (23 in rep 0) data={'definition': 'A wooden tongue for bells', 'word': 'CLAPPER', 'old_new': 'new', 'correct_old_new': 'no', 'thisN': 23, 'thisTrialN': 23, 'thisRepN': 0}>
333.4972 	DATA 	Keypress: n
333.4990 	EXP 	recog_prompt: autoDraw = False
333.4990 	EXP 	source_prompt: autoDraw = False
333.4990 	EXP 	rk_prompt: autoDraw = False
333.4990 	EXP 	recall_prompt: height = np.float64(0.04)
333.4990 	EXP 	recall_prompt: height = np.float64(0.04)
333.4990 	EXP 	recall_prompt: height = np.float64(0.04)
333.4990 	EXP 	recall_prompt: text = ''
333.4990 	EXP 	recall_prompt: height = np.float64(0.04)
333.4990 	EXP 	recall_prompt: height = np.float64(0.04)
333.4990 	EXP 	recall_prompt: height = np.float64(0.04)
333.4990 	EXP 	recall_prompt: text = 'A wooden tongue for bells\n\nType the word below and press ENTER to submit.'
333.6198 	EXP 	Device response: <KeyPress from None: t=333.4865671000007, value=n, duration=0.12820720000308938>
333.9886 	INFO 	Keyboard events cleared
333.9886 	EXP 	recall_prompt: autoDraw = True
333.9886 	EXP 	typed_response: autoDraw = True
338.1882 	EXP 	Device response: <KeyPress from None: t=338.18218909999996, value=n, duration=None>
338.1906 	DATA 	Keypress: n
338.2734 	DATA 	Keypress: o
338.2789 	EXP 	Device response: <KeyPress from None: t=338.2705227000042, value=o, duration=None>
338.3085 	EXP 	Device response: <KeyPress from None: t=338.18218909999996, value=n, duration=0.12001090000558179>
338.3788 	EXP 	Device response: <KeyPress from None: t=338.2705227000042, value=o, duration=0.10400539999682223>
338.5383 	EXP 	Device response: <KeyPress from None: t=338.53437240000494, value=return, duration=None>
338.5441 	DATA 	Keypress: return
338.5480 	EXP 	recall_prompt: autoDraw = False
338.5480 	EXP 	typed_response: autoDraw = False
338.5480 	EXP 	recog_prompt: height = np.float64(0.04)
338.5480 	EXP 	recog_prompt: height = np.float64(0.04)
338.5480 	EXP 	recog_prompt: height = np.float64(0.04)
338.5480 	EXP 	recog_prompt: text = "A wooden tongue for bells\n\nDid you see or hear this definition earlier?\n\nPress 'Y' for YES\nPress 'N' for NO"
338.5480 	EXP 	recog_prompt: text = "A wooden tongue for bells\n\nDid you see or hear this definition earlier?\n\nPress 'Y' for YES\nPress 'N' for NO"
338.6786 	EXP 	Device response: <KeyPress from None: t=338.53437240000494, value=return, duration=0.1363333999979659>
339.0382 	INFO 	Keyboard events cleared
339.0380 	EXP 	recog_prompt: autoDraw = True
339.9204 	DATA 	Keypress: n
339.9284 	EXP 	Device response: <KeyPress from None: t=339.9189632999987, value=n, duration=None>
339.9290 	EXP 	New trial (rep=0, index=24): <Trial 24 (24 in rep 0) data={'definition': 'A wooden blanket', 'word': 'FLOOR', 'old_new': 'new', 'correct_old_new': 'no', 'thisN': 24, 'thisTrialN': 24, 'thisRepN': 0}>
339.9378 	EXP 	recog_prompt: autoDraw = False
339.9378 	EXP 	source_prompt: autoDraw = False
339.9378 	EXP 	rk_prompt: autoDraw = False
339.9378 	EXP 	recall_prompt: height = np.float64(0.04)
339.9378 	EXP 	recall_prompt: height = np.float64(0.04)
339.9378 	EXP 	recall_prompt: height = np.float64(0.04)
339.9378 	EXP 	recall_prompt: text = ''
339.9378 	EXP 	recall_prompt: height = np.float64(0.04)
339.9378 	EXP 	recall_prompt: height = np.float64(0.04)
339.9378 	EXP 	recall_prompt: height = np.float64(0.04)
339.9378 	EXP 	recall_prompt: text = 'A wooden blanket\n\nType the word below and press ENTER to submit.'
340.0289 	EXP 	Device response: <KeyPress from None: t=339.9189632999987, value=n, duration=0.10371780000423314>
340.4279 	INFO 	Keyboard events cleared
340.4278 	EXP 	recall_prompt: autoDraw = True
340.4278 	EXP 	typed_response: autoDraw = True
342.4576 	EXP 	Device response: <KeyPress from None: t=342.4543577000004, value=n, duration=None>
342.4599 	DATA 	Keypress: n
342.5879 	EXP 	Device response: <KeyPress from None: t=342.5822315000041, value=o, duration=None>
342.5902 	DATA 	Keypress: o
342.6080 	EXP 	Device response: <KeyPress from None: t=342.4543577000004, value=n, duration=0.15202880000288133>
342.6877 	EXP 	Device response: <KeyPress from None: t=342.5822315000041, value=o, duration=0.09605979999469128>
342.8498 	DATA 	Keypress: return
342.8578 	EXP 	Device response: <KeyPress from None: t=342.84645970000565, value=return, duration=None>
342.8675 	EXP 	recall_prompt: autoDraw = False
342.8675 	EXP 	typed_response: autoDraw = False
342.8675 	EXP 	recog_prompt: height = np.float64(0.04)
342.8675 	EXP 	recog_prompt: height = np.float64(0.04)
342.8675 	EXP 	recog_prompt: height = np.float64(0.04)
342.8675 	EXP 	recog_prompt: text = "A wooden blanket\n\nDid you see or hear this definition earlier?\n\nPress 'Y' for YES\nPress 'N' for NO"
342.8675 	EXP 	recog_prompt: text = "A wooden blanket\n\nDid you see or hear this definition earlier?\n\nPress 'Y' for YES\nPress 'N' for NO"
342.9481 	EXP 	Device response: <KeyPress from None: t=342.84645970000565, value=return, duration=0.09626299999945331>
343.3578 	INFO 	Keyboard events cleared
343.3576 	EXP 	recog_prompt: autoDraw = True
343.9579 	EXP 	Device response: <KeyPress from None: t=343.95054040000105, value=n, duration=None>
343.9585 	EXP 	New trial (rep=0, index=25): <Trial 25 (25 in rep 0) data={'definition': 'A glass slipper for drinks', 'word': 'CUP', 'old_new': 'old', 'correct_old_new': 'yes', 'thisN': 25, 'thisTrialN': 25, 'thisRepN': 0}>
343.9647 	DATA 	Keypress: n
343.9673 	EXP 	recog_prompt: autoDraw = False
343.9673 	EXP 	source_prompt: autoDraw = False
343.9673 	EXP 	rk_prompt: autoDraw = False
343.9673 	EXP 	recall_prompt: height = np.float64(0.04)
343.9673 	EXP 	recall_prompt: height = np.float64(0.04)
343.9673 	EXP 	recall_prompt: height = np.float64(0.04)
343.9673 	EXP 	recall_prompt: text = ''
343.9673 	EXP 	recall_prompt: height = np.float64(0.04)
343.9673 	EXP 	recall_prompt: height = np.float64(0.04)
343.9673 	EXP 	recall_prompt: height = np.float64(0.04)
343.9673 	EXP 	recall_prompt: text = 'A glass slipper for drinks\n\nType the word below and press ENTER to submit.'
344.0680 	EXP 	Device response: <KeyPress from None: t=343.95054040000105, value=n, duration=0.11199399999895832>
344.4573 	INFO 	Keyboard events cleared
344.4572 	EXP 	recall_prompt: autoDraw = True
344.4572 	EXP 	typed_response: autoDraw = True
350.3267 	EXP 	Device response: <KeyPress from None: t=350.32620719999977, value=n, duration=None>
350.3291 	DATA 	Keypress: n
350.4368 	EXP 	Device response: <KeyPress from None: t=350.43034120000084, value=o, duration=None>
350.4389 	DATA 	Keypress: o
350.4868 	EXP 	Device response: <KeyPress from None: t=350.32620719999977, value=n, duration=0.15217350000602892>
350.5467 	EXP 	Device response: <KeyPress from None: t=350.43034120000084, value=o, duration=0.11194320000504376>
350.6967 	EXP 	Device response: <KeyPress from None: t=350.69467760000407, value=return, duration=None>
350.7021 	DATA 	Keypress: return
350.7066 	EXP 	recall_prompt: autoDraw = False
350.7066 	EXP 	typed_response: autoDraw = False
350.7066 	EXP 	recog_prompt: height = np.float64(0.04)
350.7066 	EXP 	recog_prompt: height = np.float64(0.04)
350.7066 	EXP 	recog_prompt: height = np.float64(0.04)
350.7066 	EXP 	recog_prompt: text = "A glass slipper for drinks\n\nDid you see or hear this definition earlier?\n\nPress 'Y' for YES\nPress 'N' for NO"
350.7066 	EXP 	recog_prompt: text = "A glass slipper for drinks\n\nDid you see or hear this definition earlier?\n\nPress 'Y' for YES\nPress 'N' for NO"
350.8271 	EXP 	Device response: <KeyPress from None: t=350.69467760000407, value=return, duration=0.12807780000002822>
351.1970 	INFO 	Keyboard events cleared
351.1968 	EXP 	recog_prompt: autoDraw = True
351.8566 	EXP 	Device response: <KeyPress from None: t=351.8547783000031, value=return, duration=None>
351.8571 	DATA 	Keypress: return
352.0069 	EXP 	Device response: <KeyPress from None: t=351.8547783000031, value=return, duration=0.14387079999869457>
352.5170 	EXP 	Device response: <KeyPress from None: t=352.51044370000454, value=n, duration=None>
352.5176 	EXP 	New trial (rep=0, index=26): <Trial 26 (26 in rep 0) data={'definition': 'A sleeping volcano', 'word': 'HILL', 'old_new': 'new', 'correct_old_new': 'no', 'thisN': 26, 'thisTrialN': 26, 'thisRepN': 0}>
352.5253 	DATA 	Keypress: n
352.5270 	EXP 	recog_prompt: autoDraw = False
352.5270 	EXP 	source_prompt: autoDraw = False
352.5270 	EXP 	rk_prompt: autoDraw = False
352.5270 	EXP 	recall_prompt: height = np.float64(0.04)
352.5270 	EXP 	recall_prompt: height = np.float64(0.04)
352.5270 	EXP 	recall_prompt: height = np.float64(0.04)
352.5270 	EXP 	recall_prompt: text = ''
352.5270 	EXP 	recall_prompt: height = np.float64(0.04)
352.5270 	EXP 	recall_prompt: height = np.float64(0.04)
352.5270 	EXP 	recall_prompt: height = np.float64(0.04)
352.5270 	EXP 	recall_prompt: text = 'A sleeping volcano\n\nType the word below and press ENTER to submit.'
352.5679 	EXP 	Device response: <KeyPress from None: t=352.51044370000454, value=n, duration=0.05620490000001155>
353.0165 	INFO 	Keyboard events cleared
353.0164 	EXP 	recall_prompt: autoDraw = True
353.0164 	EXP 	typed_response: autoDraw = True
355.3961 	EXP 	Device response: <KeyPress from None: t=355.39019499999995, value=h, duration=None>
355.3981 	DATA 	Keypress: h
355.5465 	EXP 	Device response: <KeyPress from None: t=355.39019499999995, value=h, duration=0.1523051000040141>
355.5509 	DATA 	Keypress: i
355.5561 	EXP 	Device response: <KeyPress from None: t=355.5504080000028, value=i, duration=None>
355.6363 	EXP 	Device response: <KeyPress from None: t=355.5504080000028, value=i, duration=0.07999939999717753>
355.7681 	DATA 	Keypress: l
355.7763 	EXP 	Device response: <KeyPress from None: t=355.76640970000153, value=l, duration=None>
355.8562 	EXP 	Device response: <KeyPress from None: t=355.76640970000153, value=l, duration=0.08029309999983525>
355.9161 	EXP 	Device response: <KeyPress from None: t=355.91039730000193, value=l, duration=None>
355.9182 	DATA 	Keypress: l
356.0064 	EXP 	Device response: <KeyPress from None: t=355.91039730000193, value=l, duration=0.08791139999812003>
356.1286 	DATA 	Keypress: return
356.1360 	EXP 	Device response: <KeyPress from None: t=356.1264025000055, value=return, duration=None>
356.1458 	EXP 	recall_prompt: autoDraw = False
356.1458 	EXP 	typed_response: autoDraw = False
356.1458 	EXP 	recog_prompt: height = np.float64(0.04)
356.1458 	EXP 	recog_prompt: height = np.float64(0.04)
356.1458 	EXP 	recog_prompt: height = np.float64(0.04)
356.1458 	EXP 	recog_prompt: text = "A sleeping volcano\n\nDid you see or hear this definition earlier?\n\nPress 'Y' for YES\nPress 'N' for NO"
356.1458 	EXP 	recog_prompt: text = "A sleeping volcano\n\nDid you see or hear this definition earlier?\n\nPress 'Y' for YES\nPress 'N' for NO"
356.2463 	EXP 	Device response: <KeyPress from None: t=356.1264025000055, value=return, duration=0.11216609999974025>
356.6363 	INFO 	Keyboard events cleared
356.6361 	EXP 	recog_prompt: autoDraw = True
359.6073 	DATA 	Keypress: y
359.6156 	EXP 	Device response: <KeyPress from None: t=359.60664220000035, value=y, duration=None>
359.6254 	EXP 	recog_prompt: autoDraw = False
359.7360 	EXP 	Device response: <KeyPress from None: t=359.60664220000035, value=y, duration=0.12025800000265008>
360.1157 	INFO 	Keyboard events cleared
360.1155 	EXP 	source_prompt: autoDraw = True
364.7455 	EXP 	Device response: <KeyPress from None: t=364.74261280000064, value=v, duration=None>
364.7468 	DATA 	Keypress: v
364.7546 	EXP 	source_prompt: autoDraw = False
364.8654 	EXP 	Device response: <KeyPress from None: t=364.74261280000064, value=v, duration=0.11185230000410229>
365.2449 	INFO 	Keyboard events cleared
365.2447 	EXP 	rk_prompt: autoDraw = True
366.7353 	EXP 	Device response: <KeyPress from None: t=366.7267137000017, value=2, duration=None>
366.7358 	EXP 	New trial (rep=0, index=27): <Trial 27 (27 in rep 0) data={'definition': 'A portable sunshade', 'word': 'VISOR', 'old_new': 'old', 'correct_old_new': 'yes', 'thisN': 27, 'thisTrialN': 27, 'thisRepN': 0}>
366.7417 	DATA 	Keypress: 2
366.7445 	EXP 	rk_prompt: autoDraw = False
366.7445 	EXP 	recall_prompt: height = np.float64(0.04)
366.7445 	EXP 	recall_prompt: height = np.float64(0.04)
366.7445 	EXP 	recall_prompt: height = np.float64(0.04)
366.7445 	EXP 	recall_prompt: text = ''
366.7445 	EXP 	recall_prompt: height = np.float64(0.04)
366.7445 	EXP 	recall_prompt: height = np.float64(0.04)
366.7445 	EXP 	recall_prompt: height = np.float64(0.04)
366.7445 	EXP 	recall_prompt: text = 'A portable sunshade\n\nType the word below and press ENTER to submit.'
366.8560 	EXP 	Device response: <KeyPress from None: t=366.7267137000017, value=2, duration=0.12794009999925038>
367.2344 	INFO 	Keyboard events cleared
367.2344 	EXP 	recall_prompt: autoDraw = True
367.2344 	EXP 	typed_response: autoDraw = True
377.4388 	DATA 	Keypress: n
377.4435 	EXP 	Device response: <KeyPress from None: t=377.43847259999893, value=n, duration=None>
377.5335 	EXP 	Device response: <KeyPress from None: t=377.52621110000473, value=o, duration=None>
377.5354 	DATA 	Keypress: o
377.5840 	EXP 	Device response: <KeyPress from None: t=377.43847259999893, value=n, duration=0.14419570000609383>
377.6535 	EXP 	Device response: <KeyPress from None: t=377.52621110000473, value=o, duration=0.11997379999957047>
377.7756 	DATA 	Keypress: return
377.7832 	EXP 	Device response: <KeyPress from None: t=377.77437949999876, value=return, duration=None>
377.7929 	EXP 	recall_prompt: autoDraw = False
377.7929 	EXP 	typed_response: autoDraw = False
377.7929 	EXP 	recog_prompt: height = np.float64(0.04)
377.7929 	EXP 	recog_prompt: height = np.float64(0.04)
377.7929 	EXP 	recog_prompt: height = np.float64(0.04)
377.7929 	EXP 	recog_prompt: text = "A portable sunshade\n\nDid you see or hear this definition earlier?\n\nPress 'Y' for YES\nPress 'N' for NO"
377.7929 	EXP 	recog_prompt: text = "A portable sunshade\n\nDid you see or hear this definition earlier?\n\nPress 'Y' for YES\nPress 'N' for NO"
377.9139 	EXP 	Device response: <KeyPress from None: t=377.77437949999876, value=return, duration=0.12831470000674017>
378.2833 	INFO 	Keyboard events cleared
378.2832 	EXP 	recog_prompt: autoDraw = True
379.3036 	EXP 	Device response: <KeyPress from None: t=379.3026505000016, value=n, duration=None>
379.3042 	EXP 	New trial (rep=0, index=28): <Trial 28 (28 in rep 0) data={'definition': 'A sky anchor', 'word': 'HELICOPTER', 'old_new': 'old', 'correct_old_new': 'yes', 'thisN': 28, 'thisTrialN': 28, 'thisRepN': 0}>
379.3102 	DATA 	Keypress: n
379.3129 	EXP 	recog_prompt: autoDraw = False
379.3129 	EXP 	source_prompt: autoDraw = False
379.3129 	EXP 	rk_prompt: autoDraw = False
379.3129 	EXP 	recall_prompt: height = np.float64(0.04)
379.3129 	EXP 	recall_prompt: height = np.float64(0.04)
379.3129 	EXP 	recall_prompt: height = np.float64(0.04)
379.3129 	EXP 	recall_prompt: text = ''
379.3129 	EXP 	recall_prompt: height = np.float64(0.04)
379.3129 	EXP 	recall_prompt: height = np.float64(0.04)
379.3129 	EXP 	recall_prompt: height = np.float64(0.04)
379.3129 	EXP 	recall_prompt: text = 'A sky anchor\n\nType the word below and press ENTER to submit.'
379.4036 	EXP 	Device response: <KeyPress from None: t=379.3026505000016, value=n, duration=0.09607369999866933>
379.8028 	INFO 	Keyboard events cleared
379.8027 	EXP 	recall_prompt: autoDraw = True
379.8027 	EXP 	typed_response: autoDraw = True
382.7726 	EXP 	Device response: <KeyPress from None: t=382.76628260000143, value=h, duration=None>
382.7758 	DATA 	Keypress: h
382.8824 	EXP 	Device response: <KeyPress from None: t=382.76628260000143, value=h, duration=0.11194239999895217>
382.9228 	EXP 	Device response: <KeyPress from None: t=382.9183162000045, value=e, duration=None>
382.9257 	DATA 	Keypress: e
383.0166 	DATA 	Keypress: l
383.0226 	EXP 	Device response: <KeyPress from None: t=383.0143750999996, value=l, duration=None>
383.0226 	EXP 	Device response: <KeyPress from None: t=382.9183162000045, value=e, duration=0.1039011999964714>
383.0924 	EXP 	Device response: <KeyPress from None: t=383.0143750999996, value=l, duration=0.0718202000061865>
383.3859 	DATA 	Keypress: i
383.3928 	EXP 	Device response: <KeyPress from None: t=383.3825813000003, value=i, duration=None>
383.4926 	EXP 	Device response: <KeyPress from None: t=383.3825813000003, value=i, duration=0.10365509999974165>
383.6324 	EXP 	Device response: <KeyPress from None: t=383.63027610000427, value=c, duration=None>
383.6339 	DATA 	Keypress: c
383.7125 	EXP 	Device response: <KeyPress from None: t=383.63027610000427, value=c, duration=0.08012320000125328>
383.8027 	EXP 	Device response: <KeyPress from None: t=383.7983192000029, value=o, duration=None>
383.8055 	DATA 	Keypress: o
383.9024 	EXP 	Device response: <KeyPress from None: t=383.7983192000029, value=o, duration=0.0959110999974655>
384.0326 	EXP 	Device response: <KeyPress from None: t=384.030222100002, value=p, duration=None>
384.0347 	DATA 	Keypress: p
384.1026 	EXP 	Device response: <KeyPress from None: t=384.030222100002, value=p, duration=0.06404009999823757>
384.1747 	DATA 	Keypress: t
384.1825 	EXP 	Device response: <KeyPress from None: t=384.1742061000041, value=t, duration=None>
384.3023 	EXP 	Device response: <KeyPress from None: t=384.1742061000041, value=t, duration=0.11995239999669138>
384.3524 	EXP 	Device response: <KeyPress from None: t=384.35017480000533, value=e, duration=None>
384.3561 	DATA 	Keypress: e
384.4325 	EXP 	Device response: <KeyPress from None: t=384.430322799999, value=r, duration=None>
384.4348 	DATA 	Keypress: r
384.5024 	EXP 	Device response: <KeyPress from None: t=384.35017480000533, value=e, duration=0.14407629999914207>
384.5726 	EXP 	Device response: <KeyPress from None: t=384.430322799999, value=r, duration=0.13601300000300398>
385.0249 	DATA 	Keypress: return
385.0324 	EXP 	Device response: <KeyPress from None: t=385.02268560000084, value=return, duration=None>
385.0421 	EXP 	recall_prompt: autoDraw = False
385.0421 	EXP 	typed_response: autoDraw = False
385.0421 	EXP 	recog_prompt: height = np.float64(0.04)
385.0421 	EXP 	recog_prompt: height = np.float64(0.04)
385.0421 	EXP 	recog_prompt: height = np.float64(0.04)
385.0421 	EXP 	recog_prompt: text = "A sky anchor\n\nDid you see or hear this definition earlier?\n\nPress 'Y' for YES\nPress 'N' for NO"
385.0421 	EXP 	recog_prompt: text = "A sky anchor\n\nDid you see or hear this definition earlier?\n\nPress 'Y' for YES\nPress 'N' for NO"
385.1728 	EXP 	Device response: <KeyPress from None: t=385.02268560000084, value=return, duration=0.14398919999803184>
385.5323 	INFO 	Keyboard events cleared
385.5322 	EXP 	recog_prompt: autoDraw = True
386.7830 	EXP 	Device response: <KeyPress from None: t=386.7744636999996, value=y, duration=None>
386.7843 	DATA 	Keypress: y
386.7924 	EXP 	recog_prompt: autoDraw = False
386.8927 	EXP 	Device response: <KeyPress from None: t=386.7744636999996, value=y, duration=0.11201080000319052>
387.2823 	INFO 	Keyboard events cleared
387.2821 	EXP 	source_prompt: autoDraw = True
388.3723 	EXP 	Device response: <KeyPress from None: t=388.3666455999992, value=v, duration=None>
388.3735 	DATA 	Keypress: v
388.3818 	EXP 	source_prompt: autoDraw = False
388.4724 	EXP 	Device response: <KeyPress from None: t=388.3666455999992, value=v, duration=0.10406510000029812>
388.8721 	INFO 	Keyboard events cleared
388.8720 	EXP 	rk_prompt: autoDraw = True
389.5124 	EXP 	Device response: <KeyPress from None: t=389.51054640000075, value=1, duration=None>
389.5129 	EXP 	New trial (rep=0, index=29): <Trial 29 (29 in rep 0) data={'definition': 'A sleepy trumpet', 'word': 'HORN', 'old_new': 'old', 'correct_old_new': 'yes', 'thisN': 29, 'thisTrialN': 29, 'thisRepN': 0}>
389.5199 	DATA 	Keypress: 1
389.5219 	EXP 	rk_prompt: autoDraw = False
389.5219 	EXP 	recall_prompt: height = np.float64(0.04)
389.5219 	EXP 	recall_prompt: height = np.float64(0.04)
389.5219 	EXP 	recall_prompt: height = np.float64(0.04)
389.5219 	EXP 	recall_prompt: text = ''
389.5219 	EXP 	recall_prompt: height = np.float64(0.04)
389.5219 	EXP 	recall_prompt: height = np.float64(0.04)
389.5219 	EXP 	recall_prompt: height = np.float64(0.04)
389.5219 	EXP 	recall_prompt: text = 'A sleepy trumpet\n\nType the word below and press ENTER to submit.'
389.6127 	EXP 	Device response: <KeyPress from None: t=389.51054640000075, value=1, duration=0.09599059999891324>
390.0116 	INFO 	Keyboard events cleared
390.0116 	EXP 	recall_prompt: autoDraw = True
390.0116 	EXP 	typed_response: autoDraw = True
392.4314 	EXP 	Device response: <KeyPress from None: t=392.4303370999987, value=h, duration=None>
392.4342 	DATA 	Keypress: h
392.5435 	DATA 	Keypress: o
392.5514 	EXP 	Device response: <KeyPress from None: t=392.54231170000276, value=o, duration=None>
392.5914 	EXP 	Device response: <KeyPress from None: t=392.4303370999987, value=h, duration=0.1601723000057973>
392.6517 	EXP 	Device response: <KeyPress from None: t=392.54231170000276, value=o, duration=0.10398639999766601>
392.6960 	DATA 	Keypress: r
392.7017 	EXP 	Device response: <KeyPress from None: t=392.69436300000234, value=r, duration=None>
392.7920 	EXP 	Device response: <KeyPress from None: t=392.69436300000234, value=r, duration=0.0963666000025114>
392.9039 	DATA 	Keypress: n
392.9119 	EXP 	Device response: <KeyPress from None: t=392.90232440000545, value=n, duration=None>
392.9913 	EXP 	Device response: <KeyPress from None: t=392.90232440000545, value=n, duration=0.08802829999331152>
393.5512 	EXP 	Device response: <KeyPress from None: t=393.5503865999999, value=return, duration=None>
393.5556 	DATA 	Keypress: return
393.5611 	EXP 	recall_prompt: autoDraw = False
393.5611 	EXP 	typed_response: autoDraw = False
393.5611 	EXP 	recog_prompt: height = np.float64(0.04)
393.5611 	EXP 	recog_prompt: height = np.float64(0.04)
393.5611 	EXP 	recog_prompt: height = np.float64(0.04)
393.5611 	EXP 	recog_prompt: text = "A sleepy trumpet\n\nDid you see or hear this definition earlier?\n\nPress 'Y' for YES\nPress 'N' for NO"
393.5611 	EXP 	recog_prompt: text = "A sleepy trumpet\n\nDid you see or hear this definition earlier?\n\nPress 'Y' for YES\nPress 'N' for NO"
393.7016 	EXP 	Device response: <KeyPress from None: t=393.5503865999999, value=return, duration=0.14416320000600535>
394.0514 	INFO 	Keyboard events cleared
394.0513 	EXP 	recog_prompt: autoDraw = True
395.3527 	DATA 	Keypress: y
395.3614 	EXP 	Device response: <KeyPress from None: t=395.3506383000058, value=y, duration=None>
395.3709 	EXP 	recog_prompt: autoDraw = False
395.4714 	EXP 	Device response: <KeyPress from None: t=395.3506383000058, value=y, duration=0.11198379999405006>
395.8611 	INFO 	Keyboard events cleared
395.8610 	EXP 	source_prompt: autoDraw = True
396.3013 	EXP 	Device response: <KeyPress from None: t=396.2946490000031, value=a, duration=None>
396.3024 	DATA 	Keypress: a
396.3108 	EXP 	source_prompt: autoDraw = False
396.4012 	EXP 	Device response: <KeyPress from None: t=396.2946490000031, value=a, duration=0.10413429999607615>
396.8014 	INFO 	Keyboard events cleared
396.8013 	EXP 	rk_prompt: autoDraw = True
397.3312 	EXP 	Device response: <KeyPress from None: t=397.3266857999988, value=2, duration=None>
397.3317 	EXP 	New trial (rep=0, index=30): <Trial 30 (30 in rep 0) data={'definition': 'A pocket mirror for spies', 'word': 'COMPACT', 'old_new': 'old', 'correct_old_new': 'yes', 'thisN': 30, 'thisTrialN': 30, 'thisRepN': 0}>
397.3380 	DATA 	Keypress: 2
397.3405 	EXP 	rk_prompt: autoDraw = False
397.3405 	EXP 	recall_prompt: height = np.float64(0.04)
397.3405 	EXP 	recall_prompt: height = np.float64(0.04)
397.3405 	EXP 	recall_prompt: height = np.float64(0.04)
397.3405 	EXP 	recall_prompt: text = ''
397.3405 	EXP 	recall_prompt: height = np.float64(0.04)
397.3405 	EXP 	recall_prompt: height = np.float64(0.04)
397.3405 	EXP 	recall_prompt: height = np.float64(0.04)
397.3405 	EXP 	recall_prompt: text = 'A pocket mirror for spies\n\nType the word below and press ENTER to submit.'
397.4414 	EXP 	Device response: <KeyPress from None: t=397.3266857999988, value=2, duration=0.11204150000412483>
397.8306 	INFO 	Keyboard events cleared
397.8305 	EXP 	recall_prompt: autoDraw = True
397.8305 	EXP 	typed_response: autoDraw = True
399.8004 	EXP 	Device response: <KeyPress from None: t=399.79822440000135, value=c, duration=None>
399.8028 	DATA 	Keypress: c
399.8644 	DATA 	Keypress: o
399.8706 	EXP 	Device response: <KeyPress from None: t=399.8624583000055, value=o, duration=None>
399.9106 	EXP 	Device response: <KeyPress from None: t=399.79822440000135, value=c, duration=0.10400659999868367>
399.9807 	EXP 	Device response: <KeyPress from None: t=399.8624583000055, value=o, duration=0.11193709999497514>
400.1440 	DATA 	Keypress: m
400.1504 	EXP 	Device response: <KeyPress from None: t=400.1424356999996, value=m, duration=None>
400.2506 	EXP 	Device response: <KeyPress from None: t=400.1424356999996, value=m, duration=0.10408650000317721>
400.5124 	DATA 	Keypress: p
400.5203 	EXP 	Device response: <KeyPress from None: t=400.51031660000444, value=p, duration=None>
400.6340 	DATA 	Keypress: a
400.6406 	EXP 	Device response: <KeyPress from None: t=400.6310475999999, value=a, duration=None>
400.6704 	EXP 	Device response: <KeyPress from None: t=400.51031660000444, value=p, duration=0.15189689999533584>
400.7804 	EXP 	Device response: <KeyPress from None: t=400.6310475999999, value=a, duration=0.14313070000207517>
400.8629 	DATA 	Keypress: c
400.8703 	EXP 	Device response: <KeyPress from None: t=400.86222629999975, value=c, duration=None>
400.9704 	EXP 	Device response: <KeyPress from None: t=400.86222629999975, value=c, duration=0.1041936000037822>
401.1204 	EXP 	Device response: <KeyPress from None: t=401.1184485000049, value=t, duration=None>
401.1240 	DATA 	Keypress: t
401.2606 	EXP 	Device response: <KeyPress from None: t=401.1184485000049, value=t, duration=0.1358362999962992>
403.3201 	EXP 	Device response: <KeyPress from None: t=403.31860150000284, value=return, duration=None>
403.3252 	DATA 	Keypress: return
403.3299 	EXP 	recall_prompt: autoDraw = False
403.3299 	EXP 	typed_response: autoDraw = False
403.3299 	EXP 	recog_prompt: height = np.float64(0.04)
403.3299 	EXP 	recog_prompt: height = np.float64(0.04)
403.3299 	EXP 	recog_prompt: height = np.float64(0.04)
403.3299 	EXP 	recog_prompt: text = "A pocket mirror for spies\n\nDid you see or hear this definition earlier?\n\nPress 'Y' for YES\nPress 'N' for NO"
403.3299 	EXP 	recog_prompt: text = "A pocket mirror for spies\n\nDid you see or hear this definition earlier?\n\nPress 'Y' for YES\nPress 'N' for NO"
403.4798 	EXP 	Device response: <KeyPress from None: t=403.31860150000284, value=return, duration=0.15959209999709856>
403.8199 	INFO 	Keyboard events cleared
403.8198 	EXP 	recog_prompt: autoDraw = True
404.9802 	EXP 	Device response: <KeyPress from None: t=404.9745991000018, value=y, duration=None>
404.9813 	DATA 	Keypress: y
404.9895 	EXP 	recog_prompt: autoDraw = False
405.0901 	EXP 	Device response: <KeyPress from None: t=404.9745991000018, value=y, duration=0.11214669999753824>
405.4800 	INFO 	Keyboard events cleared
405.4798 	EXP 	source_prompt: autoDraw = True
405.9530 	DATA 	Keypress: a
405.9601 	EXP 	Device response: <KeyPress from None: t=405.9506362000029, value=a, duration=None>
405.9697 	EXP 	source_prompt: autoDraw = False
406.0402 	EXP 	Device response: <KeyPress from None: t=405.9506362000029, value=a, duration=0.08808029999636346>
406.4597 	INFO 	Keyboard events cleared
406.4595 	EXP 	rk_prompt: autoDraw = True
406.9097 	EXP 	Device response: <KeyPress from None: t=406.90237160000106, value=1, duration=None>
406.9100 	EXP 	New trial (rep=0, index=31): <Trial 31 (31 in rep 0) data={'definition': 'A pocket staircase', 'word': 'ESCALATOR', 'old_new': 'new', 'correct_old_new': 'no', 'thisN': 31, 'thisTrialN': 31, 'thisRepN': 0}>
406.9146 	DATA 	Keypress: 1
406.9193 	EXP 	rk_prompt: autoDraw = False
406.9193 	EXP 	recall_prompt: height = np.float64(0.04)
406.9193 	EXP 	recall_prompt: height = np.float64(0.04)
406.9193 	EXP 	recall_prompt: height = np.float64(0.04)
406.9193 	EXP 	recall_prompt: text = ''
406.9193 	EXP 	recall_prompt: height = np.float64(0.04)
406.9193 	EXP 	recall_prompt: height = np.float64(0.04)
406.9193 	EXP 	recall_prompt: height = np.float64(0.04)
406.9193 	EXP 	recall_prompt: text = 'A pocket staircase\n\nType the word below and press ENTER to submit.'
406.9902 	EXP 	Device response: <KeyPress from None: t=406.90237160000106, value=1, duration=0.08006800000293879>
407.4094 	INFO 	Keyboard events cleared
407.4093 	EXP 	recall_prompt: autoDraw = True
407.4093 	EXP 	typed_response: autoDraw = True
411.8492 	EXP 	Device response: <KeyPress from None: t=411.84629739999946, value=n, duration=None>
411.8537 	DATA 	Keypress: n
411.8714 	DATA 	Keypress: o
411.8791 	EXP 	Device response: <KeyPress from None: t=411.8704415000029, value=o, duration=None>
411.9390 	EXP 	Device response: <KeyPress from None: t=411.84629739999946, value=n, duration=0.08790220000082627>
411.9989 	EXP 	Device response: <KeyPress from None: t=411.8704415000029, value=o, duration=0.1280248999973992>
412.1689 	EXP 	Device response: <KeyPress from None: t=412.16662930000166, value=return, duration=None>
412.1742 	DATA 	Keypress: return
412.1787 	EXP 	recall_prompt: autoDraw = False
412.1787 	EXP 	typed_response: autoDraw = False
412.1787 	EXP 	recog_prompt: height = np.float64(0.04)
412.1787 	EXP 	recog_prompt: height = np.float64(0.04)
412.1787 	EXP 	recog_prompt: height = np.float64(0.04)
412.1787 	EXP 	recog_prompt: text = "A pocket staircase\n\nDid you see or hear this definition earlier?\n\nPress 'Y' for YES\nPress 'N' for NO"
412.1787 	EXP 	recog_prompt: text = "A pocket staircase\n\nDid you see or hear this definition earlier?\n\nPress 'Y' for YES\nPress 'N' for NO"
412.2793 	EXP 	Device response: <KeyPress from None: t=412.16662930000166, value=return, duration=0.10374910000246018>
412.6691 	INFO 	Keyboard events cleared
412.6690 	EXP 	recog_prompt: autoDraw = True
423.1995 	DATA 	Keypress: n
423.2081 	EXP 	Device response: <KeyPress from None: t=423.19880600000033, value=n, duration=None>
423.2088 	EXP 	New trial (rep=0, index=32): <Trial 32 (32 in rep 0) data={'definition': 'A winter blanket for the earth', 'word': 'SNOW', 'old_new': 'new', 'correct_old_new': 'no', 'thisN': 32, 'thisTrialN': 32, 'thisRepN': 0}>
423.2173 	EXP 	recog_prompt: autoDraw = False
423.2173 	EXP 	source_prompt: autoDraw = False
423.2173 	EXP 	rk_prompt: autoDraw = False
423.2173 	EXP 	recall_prompt: height = np.float64(0.04)
423.2173 	EXP 	recall_prompt: height = np.float64(0.04)
423.2173 	EXP 	recall_prompt: height = np.float64(0.04)
423.2173 	EXP 	recall_prompt: text = ''
423.2173 	EXP 	recall_prompt: height = np.float64(0.04)
423.2173 	EXP 	recall_prompt: height = np.float64(0.04)
423.2173 	EXP 	recall_prompt: height = np.float64(0.04)
423.2173 	EXP 	recall_prompt: text = 'A winter blanket for the earth\n\nType the word below and press ENTER to submit.'
423.3177 	EXP 	Device response: <KeyPress from None: t=423.19880600000033, value=n, duration=0.11173070000222651>
423.7072 	INFO 	Keyboard events cleared
423.7071 	EXP 	recall_prompt: autoDraw = True
423.7071 	EXP 	typed_response: autoDraw = True
426.3272 	EXP 	Device response: <KeyPress from None: t=426.32628690000274, value=s, duration=None>
426.3300 	DATA 	Keypress: s
426.4271 	EXP 	Device response: <KeyPress from None: t=426.32628690000274, value=s, duration=0.096078700000362>
426.4371 	EXP 	Device response: <KeyPress from None: t=426.4302597999995, value=n, duration=None>
426.4390 	DATA 	Keypress: n
426.5271 	EXP 	Device response: <KeyPress from None: t=426.52616470000066, value=o, duration=None>
426.5293 	DATA 	Keypress: o
426.5771 	EXP 	Device response: <KeyPress from None: t=426.4302597999995, value=n, duration=0.1439819000006537>
426.6394 	DATA 	Keypress: w
426.6471 	EXP 	Device response: <KeyPress from None: t=426.6381806999998, value=w, duration=None>
426.6471 	EXP 	Device response: <KeyPress from None: t=426.52616470000066, value=o, duration=0.11999310000101104>
426.7571 	EXP 	Device response: <KeyPress from None: t=426.6381806999998, value=w, duration=0.11203080000268528>
426.8796 	DATA 	Keypress: return
426.8870 	EXP 	Device response: <KeyPress from None: t=426.8783345000047, value=return, duration=None>
426.8967 	EXP 	recall_prompt: autoDraw = False
426.8967 	EXP 	typed_response: autoDraw = False
426.8967 	EXP 	recog_prompt: height = np.float64(0.04)
426.8967 	EXP 	recog_prompt: height = np.float64(0.04)
426.8967 	EXP 	recog_prompt: height = np.float64(0.04)
426.8967 	EXP 	recog_prompt: text = "A winter blanket for the earth\n\nDid you see or hear this definition earlier?\n\nPress 'Y' for YES\nPress 'N' for NO"
426.8967 	EXP 	recog_prompt: text = "A winter blanket for the earth\n\nDid you see or hear this definition earlier?\n\nPress 'Y' for YES\nPress 'N' for NO"
426.9973 	EXP 	Device response: <KeyPress from None: t=426.8783345000047, value=return, duration=0.1122557999988203>
427.3871 	INFO 	Keyboard events cleared
427.3870 	EXP 	recog_prompt: autoDraw = True
432.6167 	EXP 	Device response: <KeyPress from None: t=432.61462759999995, value=n, duration=None>
432.6173 	EXP 	New trial (rep=0, index=33): <Trial 33 (33 in rep 0) data={'definition': 'A spinning ladder', 'word': 'SCREW', 'old_new': 'new', 'correct_old_new': 'no', 'thisN': 33, 'thisTrialN': 33, 'thisRepN': 0}>
432.6230 	DATA 	Keypress: n
432.6260 	EXP 	recog_prompt: autoDraw = False
432.6260 	EXP 	source_prompt: autoDraw = False
432.6260 	EXP 	rk_prompt: autoDraw = False
432.6260 	EXP 	recall_prompt: height = np.float64(0.04)
432.6260 	EXP 	recall_prompt: height = np.float64(0.04)
432.6260 	EXP 	recall_prompt: height = np.float64(0.04)
432.6260 	EXP 	recall_prompt: text = ''
432.6260 	EXP 	recall_prompt: height = np.float64(0.04)
432.6260 	EXP 	recall_prompt: height = np.float64(0.04)
432.6260 	EXP 	recall_prompt: height = np.float64(0.04)
432.6260 	EXP 	recall_prompt: text = 'A spinning ladder\n\nType the word below and press ENTER to submit.'
432.7168 	EXP 	Device response: <KeyPress from None: t=432.61462759999995, value=n, duration=0.0958466000010958>
433.1160 	INFO 	Keyboard events cleared
433.1159 	EXP 	recall_prompt: autoDraw = True
433.1159 	EXP 	typed_response: autoDraw = True
453.2439 	EXP 	Device response: <KeyPress from None: t=453.23833659999946, value=n, duration=None>
453.2464 	DATA 	Keypress: n
453.3439 	EXP 	Device response: <KeyPress from None: t=453.34234730000026, value=o, duration=None>
453.3464 	DATA 	Keypress: o
453.3738 	EXP 	Device response: <KeyPress from None: t=453.23833659999946, value=n, duration=0.12791870000364725>
453.4939 	EXP 	Device response: <KeyPress from None: t=453.34234730000026, value=o, duration=0.14381090000097174>
453.7339 	EXP 	Device response: <KeyPress from None: t=453.72637500000565, value=return, duration=None>
453.7397 	DATA 	Keypress: return
453.7435 	EXP 	recall_prompt: autoDraw = False
453.7435 	EXP 	typed_response: autoDraw = False
453.7435 	EXP 	recog_prompt: height = np.float64(0.04)
453.7435 	EXP 	recog_prompt: height = np.float64(0.04)
453.7435 	EXP 	recog_prompt: height = np.float64(0.04)
453.7435 	EXP 	recog_prompt: text = "A spinning ladder\n\nDid you see or hear this definition earlier?\n\nPress 'Y' for YES\nPress 'N' for NO"
453.7435 	EXP 	recog_prompt: text = "A spinning ladder\n\nDid you see or hear this definition earlier?\n\nPress 'Y' for YES\nPress 'N' for NO"
453.8541 	EXP 	Device response: <KeyPress from None: t=453.72637500000565, value=return, duration=0.1200780999934068>
454.2338 	INFO 	Keyboard events cleared
454.2337 	EXP 	recog_prompt: autoDraw = True
455.3941 	EXP 	Device response: <KeyPress from None: t=455.3905476, value=n, duration=None>
455.3947 	EXP 	New trial (rep=0, index=34): <Trial 34 (34 in rep 0) data={'definition': 'A glass stomach for flowers', 'word': 'VASE', 'old_new': 'old', 'correct_old_new': 'yes', 'thisN': 34, 'thisTrialN': 34, 'thisRepN': 0}>
455.4004 	DATA 	Keypress: n
455.4032 	EXP 	recog_prompt: autoDraw = False
455.4032 	EXP 	source_prompt: autoDraw = False
455.4032 	EXP 	rk_prompt: autoDraw = False
455.4032 	EXP 	recall_prompt: height = np.float64(0.04)
455.4032 	EXP 	recall_prompt: height = np.float64(0.04)
455.4032 	EXP 	recall_prompt: height = np.float64(0.04)
455.4032 	EXP 	recall_prompt: text = ''
455.4032 	EXP 	recall_prompt: height = np.float64(0.04)
455.4032 	EXP 	recall_prompt: height = np.float64(0.04)
455.4032 	EXP 	recall_prompt: height = np.float64(0.04)
455.4032 	EXP 	recall_prompt: text = 'A glass stomach for flowers\n\nType the word below and press ENTER to submit.'
455.5043 	EXP 	Device response: <KeyPress from None: t=455.3905476, value=n, duration=0.11210230000142474>
455.8933 	INFO 	Keyboard events cleared
455.8932 	EXP 	recall_prompt: autoDraw = True
455.8932 	EXP 	typed_response: autoDraw = True
458.3357 	DATA 	Keypress: v
458.3432 	EXP 	Device response: <KeyPress from None: t=458.33418410000013, value=v, duration=None>
458.3752 	DATA 	Keypress: a
458.3832 	EXP 	Device response: <KeyPress from None: t=458.3741708000016, value=a, duration=None>
458.5432 	EXP 	Device response: <KeyPress from None: t=458.33418410000013, value=v, duration=0.20809720000397647>
458.6033 	EXP 	Device response: <KeyPress from None: t=458.3741708000016, value=a, duration=0.22416669999802252>
458.6732 	EXP 	Device response: <KeyPress from None: t=458.67027339999913, value=s, duration=None>
458.6753 	DATA 	Keypress: s
458.7732 	EXP 	Device response: <KeyPress from None: t=458.67027339999913, value=s, duration=0.09596910000254866>
458.9032 	EXP 	Device response: <KeyPress from None: t=458.9023866999996, value=e, duration=None>
458.9052 	DATA 	Keypress: e
458.9931 	EXP 	Device response: <KeyPress from None: t=458.9023866999996, value=e, duration=0.08787500000471482>
459.2631 	EXP 	Device response: <KeyPress from None: t=459.2624605000019, value=return, duration=None>
459.2689 	DATA 	Keypress: return
459.2729 	EXP 	recall_prompt: autoDraw = False
459.2729 	EXP 	typed_response: autoDraw = False
459.2729 	EXP 	recog_prompt: height = np.float64(0.04)
459.2729 	EXP 	recog_prompt: height = np.float64(0.04)
459.2729 	EXP 	recog_prompt: height = np.float64(0.04)
459.2729 	EXP 	recog_prompt: text = "A glass stomach for flowers\n\nDid you see or hear this definition earlier?\n\nPress 'Y' for YES\nPress 'N' for NO"
459.2729 	EXP 	recog_prompt: text = "A glass stomach for flowers\n\nDid you see or hear this definition earlier?\n\nPress 'Y' for YES\nPress 'N' for NO"
459.3936 	EXP 	Device response: <KeyPress from None: t=459.2624605000019, value=return, duration=0.12049220000335481>
459.7631 	INFO 	Keyboard events cleared
459.7630 	EXP 	recog_prompt: autoDraw = True
460.6334 	EXP 	Device response: <KeyPress from None: t=460.63061550000566, value=y, duration=None>
460.6345 	DATA 	Keypress: y
460.6427 	EXP 	recog_prompt: autoDraw = False
460.7533 	EXP 	Device response: <KeyPress from None: t=460.63061550000566, value=y, duration=0.12002379999466939>
461.1330 	INFO 	Keyboard events cleared
461.1329 	EXP 	source_prompt: autoDraw = True
462.2639 	DATA 	Keypress: v
462.2729 	EXP 	Device response: <KeyPress from None: t=462.26249980000284, value=v, duration=None>
462.2825 	EXP 	source_prompt: autoDraw = False
462.3931 	EXP 	Device response: <KeyPress from None: t=462.26249980000284, value=v, duration=0.12813979999918956>
462.7728 	INFO 	Keyboard events cleared
462.7726 	EXP 	rk_prompt: autoDraw = True
463.2033 	EXP 	Device response: <KeyPress from None: t=463.19858810000005, value=1, duration=None>
463.2037 	EXP 	New trial (rep=0, index=35): <Trial 35 (35 in rep 0) data={'definition': 'A metal river dam', 'word': 'VALVE', 'old_new': 'new', 'correct_old_new': 'no', 'thisN': 35, 'thisTrialN': 35, 'thisRepN': 0}>
463.2102 	DATA 	Keypress: 1
463.2122 	EXP 	rk_prompt: autoDraw = False
463.2122 	EXP 	recall_prompt: height = np.float64(0.04)
463.2122 	EXP 	recall_prompt: height = np.float64(0.04)
463.2122 	EXP 	recall_prompt: height = np.float64(0.04)
463.2122 	EXP 	recall_prompt: text = ''
463.2122 	EXP 	recall_prompt: height = np.float64(0.04)
463.2122 	EXP 	recall_prompt: height = np.float64(0.04)
463.2122 	EXP 	recall_prompt: height = np.float64(0.04)
463.2122 	EXP 	recall_prompt: text = 'A metal river dam\n\nType the word below and press ENTER to submit.'
463.3035 	EXP 	Device response: <KeyPress from None: t=463.19858810000005, value=1, duration=0.09593370000220602>
463.7024 	INFO 	Keyboard events cleared
463.7023 	EXP 	recall_prompt: autoDraw = True
463.7023 	EXP 	typed_response: autoDraw = True
467.5845 	DATA 	Keypress: n
467.5920 	EXP 	Device response: <KeyPress from None: t=467.5822266000032, value=n, duration=None>
467.7421 	EXP 	Device response: <KeyPress from None: t=467.5822266000032, value=n, duration=0.15195339999627322>
467.7921 	EXP 	Device response: <KeyPress from None: t=467.79029620000074, value=o, duration=None>
467.7941 	DATA 	Keypress: o
467.8420 	EXP 	Device response: <KeyPress from None: t=467.79029620000074, value=o, duration=0.047850900002231356>
468.1719 	EXP 	Device response: <KeyPress from None: t=468.1662734000056, value=return, duration=None>
468.1775 	DATA 	Keypress: return
468.1817 	EXP 	recall_prompt: autoDraw = False
468.1817 	EXP 	typed_response: autoDraw = False
468.1817 	EXP 	recog_prompt: height = np.float64(0.04)
468.1817 	EXP 	recog_prompt: height = np.float64(0.04)
468.1817 	EXP 	recog_prompt: height = np.float64(0.04)
468.1817 	EXP 	recog_prompt: text = "A metal river dam\n\nDid you see or hear this definition earlier?\n\nPress 'Y' for YES\nPress 'N' for NO"
468.1817 	EXP 	recog_prompt: text = "A metal river dam\n\nDid you see or hear this definition earlier?\n\nPress 'Y' for YES\nPress 'N' for NO"
468.2724 	EXP 	Device response: <KeyPress from None: t=468.1662734000056, value=return, duration=0.10442949999560369>
468.6719 	INFO 	Keyboard events cleared
468.6718 	EXP 	recog_prompt: autoDraw = True
470.7721 	EXP 	Device response: <KeyPress from None: t=470.7665749000007, value=n, duration=None>
470.7727 	EXP 	New trial (rep=0, index=36): <Trial 36 (36 in rep 0) data={'definition': 'A pocket library', 'word': 'DIARY', 'old_new': 'old', 'correct_old_new': 'yes', 'thisN': 36, 'thisTrialN': 36, 'thisRepN': 0}>
470.7784 	DATA 	Keypress: n
470.7814 	EXP 	recog_prompt: autoDraw = False
470.7814 	EXP 	source_prompt: autoDraw = False
470.7814 	EXP 	rk_prompt: autoDraw = False
470.7814 	EXP 	recall_prompt: height = np.float64(0.04)
470.7814 	EXP 	recall_prompt: height = np.float64(0.04)
470.7814 	EXP 	recall_prompt: height = np.float64(0.04)
470.7814 	EXP 	recall_prompt: text = ''
470.7814 	EXP 	recall_prompt: height = np.float64(0.04)
470.7814 	EXP 	recall_prompt: height = np.float64(0.04)
470.7814 	EXP 	recall_prompt: height = np.float64(0.04)
470.7814 	EXP 	recall_prompt: text = 'A pocket library\n\nType the word below and press ENTER to submit.'
470.9023 	EXP 	Device response: <KeyPress from None: t=470.7665749000007, value=n, duration=0.12803379999968456>
471.2713 	INFO 	Keyboard events cleared
471.2712 	EXP 	recall_prompt: autoDraw = True
471.2712 	EXP 	typed_response: autoDraw = True
476.3845 	DATA 	Keypress: d
476.3911 	EXP 	Device response: <KeyPress from None: t=476.38234229999944, value=d, duration=None>
476.5031 	DATA 	Keypress: i
476.5109 	EXP 	Device response: <KeyPress from None: t=476.50217910000356, value=i, duration=None>
476.5110 	EXP 	Device response: <KeyPress from None: t=476.38234229999944, value=d, duration=0.12785319999966305>
476.5910 	EXP 	Device response: <KeyPress from None: t=476.50217910000356, value=i, duration=0.07997909999539843>
476.6210 	EXP 	Device response: <KeyPress from None: t=476.614135900003, value=a, duration=None>
476.6230 	DATA 	Keypress: a
476.7510 	EXP 	Device response: <KeyPress from None: t=476.614135900003, value=a, duration=0.13619869999820367>
476.9509 	EXP 	Device response: <KeyPress from None: t=476.9502644000022, value=r, duration=None>
476.9530 	DATA 	Keypress: r
477.0708 	EXP 	Device response: <KeyPress from None: t=476.9502644000022, value=r, duration=0.11188530000072205>
477.2009 	EXP 	Device response: <KeyPress from None: t=477.19829440000467, value=y, duration=None>
477.2029 	DATA 	Keypress: y
477.3209 	EXP 	Device response: <KeyPress from None: t=477.19829440000467, value=y, duration=0.11994399999821326>
477.8207 	EXP 	Device response: <KeyPress from None: t=477.81425840000156, value=return, duration=None>
477.8263 	DATA 	Keypress: return
477.8304 	EXP 	recall_prompt: autoDraw = False
477.8304 	EXP 	typed_response: autoDraw = False
477.8304 	EXP 	recog_prompt: height = np.float64(0.04)
477.8304 	EXP 	recog_prompt: height = np.float64(0.04)
477.8304 	EXP 	recog_prompt: height = np.float64(0.04)
477.8304 	EXP 	recog_prompt: text = "A pocket library\n\nDid you see or hear this definition earlier?\n\nPress 'Y' for YES\nPress 'N' for NO"
477.8304 	EXP 	recog_prompt: text = "A pocket library\n\nDid you see or hear this definition earlier?\n\nPress 'Y' for YES\nPress 'N' for NO"
477.9312 	EXP 	Device response: <KeyPress from None: t=477.81425840000156, value=return, duration=0.11236450000433251>
478.3208 	INFO 	Keyboard events cleared
478.3206 	EXP 	recog_prompt: autoDraw = True
479.4010 	EXP 	Device response: <KeyPress from None: t=479.39855340000213, value=y, duration=None>
479.4021 	DATA 	Keypress: y
479.4104 	EXP 	recog_prompt: autoDraw = False
479.5309 	EXP 	Device response: <KeyPress from None: t=479.39855340000213, value=y, duration=0.12782509999669855>
479.9007 	INFO 	Keyboard events cleared
479.9005 	EXP 	source_prompt: autoDraw = True
480.0721 	DATA 	Keypress: a
480.0812 	EXP 	Device response: <KeyPress from None: t=480.0708599999998, value=a, duration=None>
480.0905 	EXP 	source_prompt: autoDraw = False
480.2009 	EXP 	Device response: <KeyPress from None: t=480.0708599999998, value=a, duration=0.1279177000033087>
480.5805 	INFO 	Keyboard events cleared
480.5803 	EXP 	rk_prompt: autoDraw = True
480.6610 	EXP 	Device response: <KeyPress from None: t=480.6545795999991, value=1, duration=None>
480.6614 	EXP 	New trial (rep=0, index=37): <Trial 37 (37 in rep 0) data={'definition': 'A bread pillow', 'word': 'LOAF', 'old_new': 'old', 'correct_old_new': 'yes', 'thisN': 37, 'thisTrialN': 37, 'thisRepN': 0}>
480.6679 	DATA 	Keypress: 1
480.6701 	EXP 	rk_prompt: autoDraw = False
480.6701 	EXP 	recall_prompt: height = np.float64(0.04)
480.6701 	EXP 	recall_prompt: height = np.float64(0.04)
480.6701 	EXP 	recall_prompt: height = np.float64(0.04)
480.6701 	EXP 	recall_prompt: text = ''
480.6701 	EXP 	recall_prompt: height = np.float64(0.04)
480.6701 	EXP 	recall_prompt: height = np.float64(0.04)
480.6701 	EXP 	recall_prompt: height = np.float64(0.04)
480.6701 	EXP 	recall_prompt: text = 'A bread pillow\n\nType the word below and press ENTER to submit.'
480.7911 	EXP 	Device response: <KeyPress from None: t=480.6545795999991, value=1, duration=0.1278645000056713>
481.1602 	INFO 	Keyboard events cleared
481.1602 	EXP 	recall_prompt: autoDraw = True
481.1602 	EXP 	typed_response: autoDraw = True
484.9433 	DATA 	Keypress: n
484.9498 	EXP 	Device response: <KeyPress from None: t=484.94244230000186, value=n, duration=None>
485.0504 	EXP 	Device response: <KeyPress from None: t=485.0463885999998, value=o, duration=None>
485.0550 	DATA 	Keypress: o
485.0798 	EXP 	Device response: <KeyPress from None: t=484.94244230000186, value=n, duration=0.12861240000347607>
485.1603 	EXP 	Device response: <KeyPress from None: t=485.0463885999998, value=o, duration=0.11194210000394378>
485.3129 	DATA 	Keypress: return
485.3198 	EXP 	Device response: <KeyPress from None: t=485.31058219999977, value=return, duration=None>
485.3295 	EXP 	recall_prompt: autoDraw = False
485.3295 	EXP 	typed_response: autoDraw = False
485.3295 	EXP 	recog_prompt: height = np.float64(0.04)
485.3295 	EXP 	recog_prompt: height = np.float64(0.04)
485.3295 	EXP 	recog_prompt: height = np.float64(0.04)
485.3295 	EXP 	recog_prompt: text = "A bread pillow\n\nDid you see or hear this definition earlier?\n\nPress 'Y' for YES\nPress 'N' for NO"
485.3295 	EXP 	recog_prompt: text = "A bread pillow\n\nDid you see or hear this definition earlier?\n\nPress 'Y' for YES\nPress 'N' for NO"
485.4402 	EXP 	Device response: <KeyPress from None: t=485.31058219999977, value=return, duration=0.12833530000352766>
485.8198 	INFO 	Keyboard events cleared
485.8196 	EXP 	recog_prompt: autoDraw = True
486.5099 	EXP 	Device response: <KeyPress from None: t=486.50262010000006, value=n, duration=None>
486.5105 	EXP 	New trial (rep=0, index=38): <Trial 38 (38 in rep 0) data={'definition': 'A rock that floats', 'word': 'PUMICE', 'old_new': 'old', 'correct_old_new': 'yes', 'thisN': 38, 'thisTrialN': 38, 'thisRepN': 0}>
486.5173 	DATA 	Keypress: n
486.5192 	EXP 	recog_prompt: autoDraw = False
486.5192 	EXP 	source_prompt: autoDraw = False
486.5192 	EXP 	rk_prompt: autoDraw = False
486.5192 	EXP 	recall_prompt: height = np.float64(0.04)
486.5192 	EXP 	recall_prompt: height = np.float64(0.04)
486.5192 	EXP 	recall_prompt: height = np.float64(0.04)
486.5192 	EXP 	recall_prompt: text = ''
486.5192 	EXP 	recall_prompt: height = np.float64(0.04)
486.5192 	EXP 	recall_prompt: height = np.float64(0.04)
486.5192 	EXP 	recall_prompt: height = np.float64(0.04)
486.5192 	EXP 	recall_prompt: text = 'A rock that floats\n\nType the word below and press ENTER to submit.'
486.6104 	EXP 	Device response: <KeyPress from None: t=486.50262010000006, value=n, duration=0.0964014000055613>
487.0093 	INFO 	Keyboard events cleared
487.0093 	EXP 	recall_prompt: autoDraw = True
487.0093 	EXP 	typed_response: autoDraw = True
493.8627 	DATA 	Keypress: p
493.8684 	EXP 	Device response: <KeyPress from None: t=493.86240770000586, value=p, duration=None>
494.0040 	DATA 	Keypress: u
494.0088 	EXP 	Device response: <KeyPress from None: t=493.99887260000105, value=u, duration=None>
494.0587 	EXP 	Device response: <KeyPress from None: t=493.86240770000586, value=p, duration=0.19192689999908907>
494.1085 	EXP 	Device response: <KeyPress from None: t=493.99887260000105, value=u, duration=0.10336349999852246>
494.3786 	EXP 	Device response: <KeyPress from None: t=494.3745698000057, value=m, duration=None>
494.3829 	DATA 	Keypress: m
494.4888 	EXP 	Device response: <KeyPress from None: t=494.3745698000057, value=m, duration=0.11192929999378975>
494.5785 	EXP 	Device response: <KeyPress from None: t=494.5742279000042, value=i, duration=None>
494.5806 	DATA 	Keypress: i
494.6685 	EXP 	Device response: <KeyPress from None: t=494.5742279000042, value=i, duration=0.08805999999458436>
495.4335 	DATA 	Keypress: c
495.4384 	EXP 	Device response: <KeyPress from None: t=495.4308505000008, value=c, duration=None>
495.5287 	EXP 	Device response: <KeyPress from None: t=495.4308505000008, value=c, duration=0.08774999999877764>
495.6429 	DATA 	Keypress: e
495.6485 	EXP 	Device response: <KeyPress from None: t=495.6390609000009, value=e, duration=None>
495.7286 	EXP 	Device response: <KeyPress from None: t=495.6390609000009, value=e, duration=0.08018920000176877>
496.1436 	DATA 	Keypress: return
496.1484 	EXP 	Device response: <KeyPress from None: t=496.14285240000027, value=return, duration=None>
496.1582 	EXP 	recall_prompt: autoDraw = False
496.1582 	EXP 	typed_response: autoDraw = False
496.1582 	EXP 	recog_prompt: height = np.float64(0.04)
496.1582 	EXP 	recog_prompt: height = np.float64(0.04)
496.1582 	EXP 	recog_prompt: height = np.float64(0.04)
496.1582 	EXP 	recog_prompt: text = "A rock that floats\n\nDid you see or hear this definition earlier?\n\nPress 'Y' for YES\nPress 'N' for NO"
496.1582 	EXP 	recog_prompt: text = "A rock that floats\n\nDid you see or hear this definition earlier?\n\nPress 'Y' for YES\nPress 'N' for NO"
496.2689 	EXP 	Device response: <KeyPress from None: t=496.14285240000027, value=return, duration=0.1198696999999811>
496.6484 	INFO 	Keyboard events cleared
496.6483 	EXP 	recog_prompt: autoDraw = True
497.9287 	EXP 	Device response: <KeyPress from None: t=497.92674460000126, value=y, duration=None>
497.9302 	DATA 	Keypress: y
497.9381 	EXP 	recog_prompt: autoDraw = False
498.0486 	EXP 	Device response: <KeyPress from None: t=497.92674460000126, value=y, duration=0.11249690000113333>
498.4281 	INFO 	Keyboard events cleared
498.4280 	EXP 	source_prompt: autoDraw = True
499.6881 	EXP 	Device response: <KeyPress from None: t=499.68684550000035, value=a, duration=None>
499.6890 	DATA 	Keypress: a
499.6976 	EXP 	source_prompt: autoDraw = False
499.7788 	EXP 	Device response: <KeyPress from None: t=499.68684550000035, value=a, duration=0.08806180000101449>
500.1880 	INFO 	Keyboard events cleared
500.1879 	EXP 	rk_prompt: autoDraw = True
501.4783 	EXP 	Device response: <KeyPress from None: t=501.4706093000059, value=1, duration=None>
501.4788 	EXP 	New trial (rep=0, index=39): <Trial 39 (39 in rep 0) data={'definition': 'A polite explosion for birthdays', 'word': 'CONFETTI', 'old_new': 'new', 'correct_old_new': 'no', 'thisN': 39, 'thisTrialN': 39, 'thisRepN': 0}>
501.4862 	DATA 	Keypress: 1
501.4878 	EXP 	rk_prompt: autoDraw = False
501.4878 	EXP 	recall_prompt: height = np.float64(0.04)
501.4878 	EXP 	recall_prompt: height = np.float64(0.04)
501.4878 	EXP 	recall_prompt: height = np.float64(0.04)
501.4878 	EXP 	recall_prompt: text = ''
501.4878 	EXP 	recall_prompt: height = np.float64(0.04)
501.4878 	EXP 	recall_prompt: height = np.float64(0.04)
501.4878 	EXP 	recall_prompt: height = np.float64(0.04)
501.4878 	EXP 	recall_prompt: text = 'A polite explosion for birthdays\n\nType the word below and press ENTER to submit.'
501.5887 	EXP 	Device response: <KeyPress from None: t=501.4706093000059, value=1, duration=0.11196559999370947>
501.9779 	INFO 	Keyboard events cleared
501.9778 	EXP 	recall_prompt: autoDraw = True
501.9778 	EXP 	typed_response: autoDraw = True
504.2275 	EXP 	Device response: <KeyPress from None: t=504.2222044000009, value=n, duration=None>
504.2306 	DATA 	Keypress: n
504.3373 	EXP 	Device response: <KeyPress from None: t=504.3343096000026, value=o, duration=None>
504.3392 	DATA 	Keypress: o
504.3877 	EXP 	Device response: <KeyPress from None: t=504.2222044000009, value=n, duration=0.1599694000033196>
504.4474 	EXP 	Device response: <KeyPress from None: t=504.3343096000026, value=o, duration=0.11215000000083819>
504.6397 	DATA 	Keypress: return
504.6473 	EXP 	Device response: <KeyPress from None: t=504.6384427000012, value=return, duration=None>
504.6570 	EXP 	recall_prompt: autoDraw = False
504.6570 	EXP 	typed_response: autoDraw = False
504.6570 	EXP 	recog_prompt: height = np.float64(0.04)
504.6570 	EXP 	recog_prompt: height = np.float64(0.04)
504.6570 	EXP 	recog_prompt: height = np.float64(0.04)
504.6570 	EXP 	recog_prompt: text = "A polite explosion for birthdays\n\nDid you see or hear this definition earlier?\n\nPress 'Y' for YES\nPress 'N' for NO"
504.6570 	EXP 	recog_prompt: text = "A polite explosion for birthdays\n\nDid you see or hear this definition earlier?\n\nPress 'Y' for YES\nPress 'N' for NO"
504.7677 	EXP 	Device response: <KeyPress from None: t=504.6384427000012, value=return, duration=0.12003679999907035>
505.1472 	INFO 	Keyboard events cleared
505.1471 	EXP 	recog_prompt: autoDraw = True
505.7175 	EXP 	Device response: <KeyPress from None: t=505.71054939999885, value=n, duration=None>
505.7182 	EXP 	New trial (rep=0, index=40): <Trial 40 (40 in rep 0) data={'definition': 'A polite snowball', 'word': 'MARSHMALLOW', 'old_new': 'new', 'correct_old_new': 'no', 'thisN': 40, 'thisTrialN': 40, 'thisRepN': 0}>
505.7256 	DATA 	Keypress: n
505.7273 	EXP 	recog_prompt: autoDraw = False
505.7273 	EXP 	source_prompt: autoDraw = False
505.7273 	EXP 	rk_prompt: autoDraw = False
505.7273 	EXP 	recall_prompt: height = np.float64(0.04)
505.7273 	EXP 	recall_prompt: height = np.float64(0.04)
505.7273 	EXP 	recall_prompt: height = np.float64(0.04)
505.7273 	EXP 	recall_prompt: text = ''
505.7273 	EXP 	recall_prompt: height = np.float64(0.04)
505.7273 	EXP 	recall_prompt: height = np.float64(0.04)
505.7273 	EXP 	recall_prompt: height = np.float64(0.04)
505.7273 	EXP 	recall_prompt: text = 'A polite snowball\n\nType the word below and press ENTER to submit.'
505.8279 	EXP 	Device response: <KeyPress from None: t=505.71054939999885, value=n, duration=0.11228260000643786>
506.2169 	INFO 	Keyboard events cleared
506.2168 	EXP 	recall_prompt: autoDraw = True
506.2168 	EXP 	typed_response: autoDraw = True
508.8395 	DATA 	Keypress: n
508.8468 	EXP 	Device response: <KeyPress from None: t=508.8384628999993, value=n, duration=None>
508.9167 	EXP 	Device response: <KeyPress from None: t=508.9102361000041, value=o, duration=None>
508.9185 	DATA 	Keypress: o
508.9679 	EXP 	Device response: <KeyPress from None: t=508.8384628999993, value=n, duration=0.1283694000012474>
509.0367 	EXP 	Device response: <KeyPress from None: t=508.9102361000041, value=o, duration=0.11993280000024242>
510.6166 	EXP 	Device response: <KeyPress from None: t=510.61449740000535, value=return, duration=None>
510.6224 	DATA 	Keypress: return
510.6263 	EXP 	recall_prompt: autoDraw = False
510.6263 	EXP 	typed_response: autoDraw = False
510.6263 	EXP 	recog_prompt: height = np.float64(0.04)
510.6263 	EXP 	recog_prompt: height = np.float64(0.04)
510.6263 	EXP 	recog_prompt: height = np.float64(0.04)
510.6263 	EXP 	recog_prompt: text = "A polite snowball\n\nDid you see or hear this definition earlier?\n\nPress 'Y' for YES\nPress 'N' for NO"
510.6263 	EXP 	recog_prompt: text = "A polite snowball\n\nDid you see or hear this definition earlier?\n\nPress 'Y' for YES\nPress 'N' for NO"
510.7369 	EXP 	Device response: <KeyPress from None: t=510.61449740000535, value=return, duration=0.11229149999417132>
511.1164 	INFO 	Keyboard events cleared
511.1163 	EXP 	recog_prompt: autoDraw = True
511.8468 	EXP 	Device response: <KeyPress from None: t=511.8390112000052, value=n, duration=None>
511.8473 	EXP 	New trial (rep=0, index=41): <Trial 41 (41 in rep 0) data={'definition': 'A pocket waterfall for ink', 'word': 'PEN', 'old_new': 'new', 'correct_old_new': 'no', 'thisN': 41, 'thisTrialN': 41, 'thisRepN': 0}>
511.8530 	DATA 	Keypress: n
511.8561 	EXP 	recog_prompt: autoDraw = False
511.8561 	EXP 	source_prompt: autoDraw = False
511.8561 	EXP 	rk_prompt: autoDraw = False
511.8561 	EXP 	recall_prompt: height = np.float64(0.04)
511.8561 	EXP 	recall_prompt: height = np.float64(0.04)
511.8561 	EXP 	recall_prompt: height = np.float64(0.04)
511.8561 	EXP 	recall_prompt: text = ''
511.8561 	EXP 	recall_prompt: height = np.float64(0.04)
511.8561 	EXP 	recall_prompt: height = np.float64(0.04)
511.8561 	EXP 	recall_prompt: height = np.float64(0.04)
511.8561 	EXP 	recall_prompt: text = 'A pocket waterfall for ink\n\nType the word below and press ENTER to submit.'
511.9570 	EXP 	Device response: <KeyPress from None: t=511.8390112000052, value=n, duration=0.111847599997418>
512.3463 	INFO 	Keyboard events cleared
512.3463 	EXP 	recall_prompt: autoDraw = True
512.3463 	EXP 	typed_response: autoDraw = True
514.9760 	EXP 	Device response: <KeyPress from None: t=514.974532799999, value=n, duration=None>
514.9786 	DATA 	Keypress: n
515.1059 	EXP 	Device response: <KeyPress from None: t=514.974532799999, value=n, duration=0.1277678000042215>
515.1187 	DATA 	Keypress: o
515.1260 	EXP 	Device response: <KeyPress from None: t=515.1182487000042, value=o, duration=None>
515.2360 	EXP 	Device response: <KeyPress from None: t=515.1182487000042, value=o, duration=0.11222899999847868>
515.3959 	EXP 	Device response: <KeyPress from None: t=515.3903602999999, value=return, duration=None>
515.4018 	DATA 	Keypress: return
515.4056 	EXP 	recall_prompt: autoDraw = False
515.4056 	EXP 	typed_response: autoDraw = False
515.4056 	EXP 	recog_prompt: height = np.float64(0.04)
515.4056 	EXP 	recog_prompt: height = np.float64(0.04)
515.4056 	EXP 	recog_prompt: height = np.float64(0.04)
515.4056 	EXP 	recog_prompt: text = "A pocket waterfall for ink\n\nDid you see or hear this definition earlier?\n\nPress 'Y' for YES\nPress 'N' for NO"
515.4056 	EXP 	recog_prompt: text = "A pocket waterfall for ink\n\nDid you see or hear this definition earlier?\n\nPress 'Y' for YES\nPress 'N' for NO"
515.5162 	EXP 	Device response: <KeyPress from None: t=515.3903602999999, value=return, duration=0.12059099999896716>
515.8959 	INFO 	Keyboard events cleared
515.8958 	EXP 	recog_prompt: autoDraw = True
516.2862 	EXP 	Device response: <KeyPress from None: t=516.278793700003, value=n, duration=None>
516.2868 	EXP 	New trial (rep=0, index=42): <Trial 42 (42 in rep 0) data={'definition': 'A polite explosion', 'word': 'POPCORN', 'old_new': 'new', 'correct_old_new': 'no', 'thisN': 42, 'thisTrialN': 42, 'thisRepN': 0}>
516.2936 	DATA 	Keypress: n
516.2955 	EXP 	recog_prompt: autoDraw = False
516.2955 	EXP 	source_prompt: autoDraw = False
516.2955 	EXP 	rk_prompt: autoDraw = False
516.2955 	EXP 	recall_prompt: height = np.float64(0.04)
516.2955 	EXP 	recall_prompt: height = np.float64(0.04)
516.2955 	EXP 	recall_prompt: height = np.float64(0.04)
516.2955 	EXP 	recall_prompt: text = ''
516.2955 	EXP 	recall_prompt: height = np.float64(0.04)
516.2955 	EXP 	recall_prompt: height = np.float64(0.04)
516.2955 	EXP 	recall_prompt: height = np.float64(0.04)
516.2955 	EXP 	recall_prompt: text = 'A polite explosion\n\nType the word below and press ENTER to submit.'
516.4168 	EXP 	Device response: <KeyPress from None: t=516.278793700003, value=n, duration=0.12794410000060452>
516.7856 	INFO 	Keyboard events cleared
516.7855 	EXP 	recall_prompt: autoDraw = True
516.7855 	EXP 	typed_response: autoDraw = True
519.8353 	EXP 	Device response: <KeyPress from None: t=519.8304503000036, value=n, duration=None>
519.8377 	DATA 	Keypress: n
519.9190 	DATA 	Keypress: o
519.9255 	EXP 	Device response: <KeyPress from None: t=519.9184349999996, value=o, duration=None>
520.0056 	EXP 	Device response: <KeyPress from None: t=519.8304503000036, value=n, duration=0.16806160000123782>
520.0453 	EXP 	Device response: <KeyPress from None: t=519.9184349999996, value=o, duration=0.12001830000372138>
520.6353 	EXP 	Device response: <KeyPress from None: t=520.6304431000026, value=return, duration=None>
520.6410 	DATA 	Keypress: return
520.6450 	EXP 	recall_prompt: autoDraw = False
520.6450 	EXP 	typed_response: autoDraw = False
520.6450 	EXP 	recog_prompt: height = np.float64(0.04)
520.6450 	EXP 	recog_prompt: height = np.float64(0.04)
520.6450 	EXP 	recog_prompt: height = np.float64(0.04)
520.6450 	EXP 	recog_prompt: text = "A polite explosion\n\nDid you see or hear this definition earlier?\n\nPress 'Y' for YES\nPress 'N' for NO"
520.6450 	EXP 	recog_prompt: text = "A polite explosion\n\nDid you see or hear this definition earlier?\n\nPress 'Y' for YES\nPress 'N' for NO"
520.7256 	EXP 	Device response: <KeyPress from None: t=520.6304431000026, value=return, duration=0.08812539999780711>
521.1353 	INFO 	Keyboard events cleared
521.1351 	EXP 	recog_prompt: autoDraw = True
521.7455 	EXP 	Device response: <KeyPress from None: t=521.7427061999988, value=n, duration=None>
521.7461 	EXP 	New trial (rep=0, index=43): <Trial 43 (43 in rep 0) data={'definition': 'A spinning umbrella', 'word': 'PROPELLER', 'old_new': 'new', 'correct_old_new': 'no', 'thisN': 43, 'thisTrialN': 43, 'thisRepN': 0}>
521.7531 	DATA 	Keypress: n
521.7554 	EXP 	recog_prompt: autoDraw = False
521.7554 	EXP 	source_prompt: autoDraw = False
521.7554 	EXP 	rk_prompt: autoDraw = False
521.7554 	EXP 	recall_prompt: height = np.float64(0.04)
521.7554 	EXP 	recall_prompt: height = np.float64(0.04)
521.7554 	EXP 	recall_prompt: height = np.float64(0.04)
521.7554 	EXP 	recall_prompt: text = ''
521.7554 	EXP 	recall_prompt: height = np.float64(0.04)
521.7554 	EXP 	recall_prompt: height = np.float64(0.04)
521.7554 	EXP 	recall_prompt: height = np.float64(0.04)
521.7554 	EXP 	recall_prompt: text = 'A spinning umbrella\n\nType the word below and press ENTER to submit.'
521.8259 	EXP 	Device response: <KeyPress from None: t=521.7427061999988, value=n, duration=0.08051400000113063>
522.2453 	INFO 	Keyboard events cleared
522.2453 	EXP 	recall_prompt: autoDraw = True
522.2453 	EXP 	typed_response: autoDraw = True
523.7700 	DATA 	Keypress: n
523.7749 	EXP 	Device response: <KeyPress from None: t=523.7663743000012, value=n, duration=None>
523.9149 	EXP 	Device response: <KeyPress from None: t=523.9104077000011, value=o, duration=None>
523.9170 	DATA 	Keypress: o
523.9247 	EXP 	Device response: <KeyPress from None: t=523.7663743000012, value=n, duration=0.15183560000150464>
523.9852 	EXP 	Device response: <KeyPress from None: t=523.9104077000011, value=o, duration=0.07193510000070091>
524.2448 	EXP 	Device response: <KeyPress from None: t=524.2383010000049, value=return, duration=None>
524.2502 	DATA 	Keypress: return
524.2545 	EXP 	recall_prompt: autoDraw = False
524.2545 	EXP 	typed_response: autoDraw = False
524.2545 	EXP 	recog_prompt: height = np.float64(0.04)
524.2545 	EXP 	recog_prompt: height = np.float64(0.04)
524.2545 	EXP 	recog_prompt: height = np.float64(0.04)
524.2545 	EXP 	recog_prompt: text = "A spinning umbrella\n\nDid you see or hear this definition earlier?\n\nPress 'Y' for YES\nPress 'N' for NO"
524.2545 	EXP 	recog_prompt: text = "A spinning umbrella\n\nDid you see or hear this definition earlier?\n\nPress 'Y' for YES\nPress 'N' for NO"
524.3450 	EXP 	Device response: <KeyPress from None: t=524.2383010000049, value=return, duration=0.10448139999789419>
524.7454 	INFO 	Keyboard events cleared
524.7452 	EXP 	recog_prompt: autoDraw = True
524.8751 	EXP 	Device response: <KeyPress from None: t=524.8706702999989, value=n, duration=None>
524.8757 	EXP 	New trial (rep=0, index=44): <Trial 44 (44 in rep 0) data={'definition': 'A silent drummer', 'word': 'HEART', 'old_new': 'old', 'correct_old_new': 'yes', 'thisN': 44, 'thisTrialN': 44, 'thisRepN': 0}>
524.8816 	DATA 	Keypress: n
524.8844 	EXP 	recog_prompt: autoDraw = False
524.8844 	EXP 	source_prompt: autoDraw = False
524.8844 	EXP 	rk_prompt: autoDraw = False
524.8844 	EXP 	recall_prompt: height = np.float64(0.04)
524.8844 	EXP 	recall_prompt: height = np.float64(0.04)
524.8844 	EXP 	recall_prompt: height = np.float64(0.04)
524.8844 	EXP 	recall_prompt: text = ''
524.8844 	EXP 	recall_prompt: height = np.float64(0.04)
524.8844 	EXP 	recall_prompt: height = np.float64(0.04)
524.8844 	EXP 	recall_prompt: height = np.float64(0.04)
524.8844 	EXP 	recall_prompt: text = 'A silent drummer\n\nType the word below and press ENTER to submit.'
524.9853 	EXP 	Device response: <KeyPress from None: t=524.8706702999989, value=n, duration=0.10409849999996368>
525.3745 	INFO 	Keyboard events cleared
525.3744 	EXP 	recall_prompt: autoDraw = True
525.3744 	EXP 	typed_response: autoDraw = True
527.2846 	EXP 	Device response: <KeyPress from None: t=527.278296000004, value=h, duration=None>
527.2916 	DATA 	Keypress: h
527.4144 	EXP 	Device response: <KeyPress from None: t=527.278296000004, value=h, duration=0.12791279999510152>
527.4882 	DATA 	Keypress: e
527.4944 	EXP 	Device response: <KeyPress from None: t=527.4863530000002, value=e, duration=None>
527.6344 	EXP 	Device response: <KeyPress from None: t=527.6303504000025, value=a, duration=None>
527.6365 	DATA 	Keypress: a
527.8044 	EXP 	Device response: <KeyPress from None: t=527.4863530000002, value=e, duration=0.3120074000034947>
527.8242 	EXP 	Device response: <KeyPress from None: t=527.6303504000025, value=a, duration=0.19213009999657515>
527.8465 	DATA 	Keypress: r
527.8542 	EXP 	Device response: <KeyPress from None: t=527.8461682000052, value=r, duration=None>
527.9743 	EXP 	Device response: <KeyPress from None: t=527.8461682000052, value=r, duration=0.12004779999551829>
528.1265 	DATA 	Keypress: t
528.1344 	EXP 	Device response: <KeyPress from None: t=528.1262315000058, value=t, duration=None>
528.2245 	EXP 	Device response: <KeyPress from None: t=528.1262315000058, value=t, duration=0.09639679999963846>
528.7766 	DATA 	Keypress: return
528.7842 	EXP 	Device response: <KeyPress from None: t=528.7749545000042, value=return, duration=None>
528.7940 	EXP 	recall_prompt: autoDraw = False
528.7940 	EXP 	typed_response: autoDraw = False
528.7940 	EXP 	recog_prompt: height = np.float64(0.04)
528.7940 	EXP 	recog_prompt: height = np.float64(0.04)
528.7940 	EXP 	recog_prompt: height = np.float64(0.04)
528.7940 	EXP 	recog_prompt: text = "A silent drummer\n\nDid you see or hear this definition earlier?\n\nPress 'Y' for YES\nPress 'N' for NO"
528.7940 	EXP 	recog_prompt: text = "A silent drummer\n\nDid you see or hear this definition earlier?\n\nPress 'Y' for YES\nPress 'N' for NO"
528.9145 	EXP 	Device response: <KeyPress from None: t=528.7749545000042, value=return, duration=0.13577839999925345>
529.2843 	INFO 	Keyboard events cleared
529.2842 	EXP 	recog_prompt: autoDraw = True
530.1646 	EXP 	Device response: <KeyPress from None: t=530.1593179000047, value=y, duration=None>
530.1658 	DATA 	Keypress: y
530.1739 	EXP 	recog_prompt: autoDraw = False
530.2944 	EXP 	Device response: <KeyPress from None: t=530.1593179000047, value=y, duration=0.12747439999657217>
530.6647 	INFO 	Keyboard events cleared
530.6645 	EXP 	source_prompt: autoDraw = True
530.9756 	DATA 	Keypress: v
530.9842 	EXP 	Device response: <KeyPress from None: t=530.9749134000012, value=v, duration=None>
530.9938 	EXP 	source_prompt: autoDraw = False
531.0845 	EXP 	Device response: <KeyPress from None: t=530.9749134000012, value=v, duration=0.10433690000354545>
531.4846 	INFO 	Keyboard events cleared
531.4844 	EXP 	rk_prompt: autoDraw = True
531.7043 	EXP 	Device response: <KeyPress from None: t=531.702906700004, value=1, duration=None>
531.7047 	EXP 	New trial (rep=0, index=45): <Trial 45 (45 in rep 0) data={'definition': 'A wooden toothpick for giants', 'word': 'LOG', 'old_new': 'old', 'correct_old_new': 'yes', 'thisN': 45, 'thisTrialN': 45, 'thisRepN': 0}>
531.7111 	DATA 	Keypress: 1
531.7136 	EXP 	rk_prompt: autoDraw = False
531.7136 	EXP 	recall_prompt: height = np.float64(0.04)
531.7136 	EXP 	recall_prompt: height = np.float64(0.04)
531.7136 	EXP 	recall_prompt: height = np.float64(0.04)
531.7136 	EXP 	recall_prompt: text = ''
531.7136 	EXP 	recall_prompt: height = np.float64(0.04)
531.7136 	EXP 	recall_prompt: height = np.float64(0.04)
531.7136 	EXP 	recall_prompt: height = np.float64(0.04)
531.7136 	EXP 	recall_prompt: text = 'A wooden toothpick for giants\n\nType the word below and press ENTER to submit.'
531.8245 	EXP 	Device response: <KeyPress from None: t=531.702906700004, value=1, duration=0.11184059999504825>
532.2036 	INFO 	Keyboard events cleared
532.2035 	EXP 	recall_prompt: autoDraw = True
532.2035 	EXP 	typed_response: autoDraw = True
534.0074 	DATA 	Keypress: l
534.0135 	EXP 	Device response: <KeyPress from None: t=534.0062906000021, value=l, duration=None>
534.0938 	EXP 	Device response: <KeyPress from None: t=534.0062906000021, value=l, duration=0.08041429999866523>
534.1773 	DATA 	Keypress: o
534.1835 	EXP 	Device response: <KeyPress from None: t=534.174379300006, value=o, duration=None>
534.2837 	EXP 	Device response: <KeyPress from None: t=534.174379300006, value=o, duration=0.10414369999489281>
534.2870 	DATA 	Keypress: g
534.2936 	EXP 	Device response: <KeyPress from None: t=534.2862383000029, value=g, duration=None>
534.3836 	EXP 	Device response: <KeyPress from None: t=534.2862383000029, value=g, duration=0.08839330000046175>
534.7934 	EXP 	Device response: <KeyPress from None: t=534.790682400002, value=return, duration=None>
534.7996 	DATA 	Keypress: return
534.8032 	EXP 	recall_prompt: autoDraw = False
534.8032 	EXP 	typed_response: autoDraw = False
534.8032 	EXP 	recog_prompt: height = np.float64(0.04)
534.8032 	EXP 	recog_prompt: height = np.float64(0.04)
534.8032 	EXP 	recog_prompt: height = np.float64(0.04)
534.8032 	EXP 	recog_prompt: text = "A wooden toothpick for giants\n\nDid you see or hear this definition earlier?\n\nPress 'Y' for YES\nPress 'N' for NO"
534.8032 	EXP 	recog_prompt: text = "A wooden toothpick for giants\n\nDid you see or hear this definition earlier?\n\nPress 'Y' for YES\nPress 'N' for NO"
534.9037 	EXP 	Device response: <KeyPress from None: t=534.790682400002, value=return, duration=0.1038263000009465>
535.2934 	INFO 	Keyboard events cleared
535.2932 	EXP 	recog_prompt: autoDraw = True
536.2535 	EXP 	Device response: <KeyPress from None: t=536.24669, value=y, duration=None>
536.2547 	DATA 	Keypress: y
536.2631 	EXP 	recog_prompt: autoDraw = False
536.3635 	EXP 	Device response: <KeyPress from None: t=536.24669, value=y, duration=0.11200490000192076>
536.7533 	INFO 	Keyboard events cleared
536.7532 	EXP 	source_prompt: autoDraw = True
538.5363 	DATA 	Keypress: v
538.5432 	EXP 	Device response: <KeyPress from None: t=538.5351653000034, value=v, duration=None>
538.5529 	EXP 	source_prompt: autoDraw = False
538.6333 	EXP 	Device response: <KeyPress from None: t=538.5351653000034, value=v, duration=0.09561219999886816>
539.0430 	INFO 	Keyboard events cleared
539.0429 	EXP 	rk_prompt: autoDraw = True
539.3833 	EXP 	Device response: <KeyPress from None: t=539.3750545000003, value=1, duration=None>
539.3838 	EXP 	New trial (rep=0, index=46): <Trial 46 (46 in rep 0) data={'definition': 'A talking rectangle', 'word': 'PHONE', 'old_new': 'new', 'correct_old_new': 'no', 'thisN': 46, 'thisTrialN': 46, 'thisRepN': 0}>
539.3896 	DATA 	Keypress: 1
539.3927 	EXP 	rk_prompt: autoDraw = False
539.3927 	EXP 	recall_prompt: height = np.float64(0.04)
539.3927 	EXP 	recall_prompt: height = np.float64(0.04)
539.3927 	EXP 	recall_prompt: height = np.float64(0.04)
539.3927 	EXP 	recall_prompt: text = ''
539.3927 	EXP 	recall_prompt: height = np.float64(0.04)
539.3927 	EXP 	recall_prompt: height = np.float64(0.04)
539.3927 	EXP 	recall_prompt: height = np.float64(0.04)
539.3927 	EXP 	recall_prompt: text = 'A talking rectangle\n\nType the word below and press ENTER to submit.'
539.4635 	EXP 	Device response: <KeyPress from None: t=539.3750545000003, value=1, duration=0.07933559999946738>
539.8825 	INFO 	Keyboard events cleared
539.8825 	EXP 	recall_prompt: autoDraw = True
539.8825 	EXP 	typed_response: autoDraw = True
541.7627 	EXP 	Device response: <KeyPress from None: t=541.7586322999996, value=n, duration=None>
541.7658 	DATA 	Keypress: n
541.8573 	DATA 	Keypress: o
541.8627 	EXP 	Device response: <KeyPress from None: t=541.8544202000048, value=o, duration=None>
541.9130 	EXP 	Device response: <KeyPress from None: t=541.7586322999996, value=n, duration=0.14385840000613825>
541.9830 	EXP 	Device response: <KeyPress from None: t=541.8544202000048, value=o, duration=0.127966899999592>
542.1361 	DATA 	Keypress: return
542.1425 	EXP 	Device response: <KeyPress from None: t=542.1345890000011, value=return, duration=None>
542.1523 	EXP 	recall_prompt: autoDraw = False
542.1523 	EXP 	typed_response: autoDraw = False
542.1523 	EXP 	recog_prompt: height = np.float64(0.04)
542.1523 	EXP 	recog_prompt: height = np.float64(0.04)
542.1523 	EXP 	recog_prompt: height = np.float64(0.04)
542.1523 	EXP 	recog_prompt: text = "A talking rectangle\n\nDid you see or hear this definition earlier?\n\nPress 'Y' for YES\nPress 'N' for NO"
542.1523 	EXP 	recog_prompt: text = "A talking rectangle\n\nDid you see or hear this definition earlier?\n\nPress 'Y' for YES\nPress 'N' for NO"
542.2927 	EXP 	Device response: <KeyPress from None: t=542.1345890000011, value=return, duration=0.15214579999883426>
542.6424 	INFO 	Keyboard events cleared
542.6423 	EXP 	recog_prompt: autoDraw = True
543.6328 	EXP 	Device response: <KeyPress from None: t=543.6307826000047, value=n, duration=None>
543.6334 	EXP 	New trial (rep=0, index=47): <Trial 47 (47 in rep 0) data={'definition': "A snowman's spare nose", 'word': 'CARROT', 'old_new': 'old', 'correct_old_new': 'yes', 'thisN': 47, 'thisTrialN': 47, 'thisRepN': 0}>
543.6409 	DATA 	Keypress: n
543.6427 	EXP 	recog_prompt: autoDraw = False
543.6427 	EXP 	source_prompt: autoDraw = False
543.6427 	EXP 	rk_prompt: autoDraw = False
543.6427 	EXP 	recall_prompt: height = np.float64(0.04)
543.6427 	EXP 	recall_prompt: height = np.float64(0.04)
543.6427 	EXP 	recall_prompt: height = np.float64(0.04)
543.6427 	EXP 	recall_prompt: text = ''
543.6427 	EXP 	recall_prompt: height = np.float64(0.04)
543.6427 	EXP 	recall_prompt: height = np.float64(0.04)
543.6427 	EXP 	recall_prompt: height = np.float64(0.04)
543.6427 	EXP 	recall_prompt: text = "A snowman's spare nose\n\nType the word below and press ENTER to submit."
543.7430 	EXP 	Device response: <KeyPress from None: t=543.6307826000047, value=n, duration=0.10384599999815691>
544.1320 	INFO 	Keyboard events cleared
544.1319 	EXP 	recall_prompt: autoDraw = True
544.1319 	EXP 	typed_response: autoDraw = True
546.9667 	DATA 	Keypress: c
546.9720 	EXP 	Device response: <KeyPress from None: t=546.9664221000057, value=c, duration=None>
547.1021 	EXP 	Device response: <KeyPress from None: t=546.9664221000057, value=c, duration=0.12797779999527847>
547.1320 	EXP 	Device response: <KeyPress from None: t=547.1262352000049, value=a, duration=None>
547.1344 	DATA 	Keypress: a
547.2621 	EXP 	Device response: <KeyPress from None: t=547.1262352000049, value=a, duration=0.12803490000078455>
547.3766 	DATA 	Keypress: r
547.3820 	EXP 	Device response: <KeyPress from None: t=547.3744147000034, value=r, duration=None>
547.4120 	EXP 	Device response: <KeyPress from None: t=547.3744147000034, value=r, duration=0.031933500002196524>
547.5320 	EXP 	Device response: <KeyPress from None: t=547.5263061000005, value=r, duration=None>
547.5346 	DATA 	Keypress: r
547.6119 	EXP 	Device response: <KeyPress from None: t=547.5263061000005, value=r, duration=0.08004400000208989>
547.6923 	EXP 	Device response: <KeyPress from None: t=547.6863539000042, value=o, duration=None>
547.6964 	DATA 	Keypress: o
547.8022 	EXP 	Device response: <KeyPress from None: t=547.6863539000042, value=o, duration=0.11217119999491842>
547.8069 	DATA 	Keypress: t
547.8121 	EXP 	Device response: <KeyPress from None: t=547.8064383000019, value=t, duration=None>
547.9420 	EXP 	Device response: <KeyPress from None: t=547.8064383000019, value=t, duration=0.12784950000059325>
548.1520 	EXP 	Device response: <KeyPress from None: t=548.1506627000053, value=return, duration=None>
548.1580 	DATA 	Keypress: return
548.1616 	EXP 	recall_prompt: autoDraw = False
548.1616 	EXP 	typed_response: autoDraw = False
548.1616 	EXP 	recog_prompt: height = np.float64(0.04)
548.1616 	EXP 	recog_prompt: height = np.float64(0.04)
548.1616 	EXP 	recog_prompt: height = np.float64(0.04)
548.1616 	EXP 	recog_prompt: text = "A snowman's spare nose\n\nDid you see or hear this definition earlier?\n\nPress 'Y' for YES\nPress 'N' for NO"
548.1616 	EXP 	recog_prompt: text = "A snowman's spare nose\n\nDid you see or hear this definition earlier?\n\nPress 'Y' for YES\nPress 'N' for NO"
548.2820 	EXP 	Device response: <KeyPress from None: t=548.1506627000053, value=return, duration=0.12805309999384917>
548.6519 	INFO 	Keyboard events cleared
548.6518 	EXP 	recog_prompt: autoDraw = True
549.5419 	EXP 	Device response: <KeyPress from None: t=549.5347149000008, value=y, duration=None>
549.5431 	DATA 	Keypress: y
549.5516 	EXP 	recog_prompt: autoDraw = False
549.6721 	EXP 	Device response: <KeyPress from None: t=549.5347149000008, value=y, duration=0.13598110000020824>
550.0417 	INFO 	Keyboard events cleared
550.0415 	EXP 	source_prompt: autoDraw = True
550.3432 	DATA 	Keypress: v
550.3520 	EXP 	Device response: <KeyPress from None: t=550.3424584000022, value=v, duration=None>
550.3613 	EXP 	source_prompt: autoDraw = False
550.4518 	EXP 	Device response: <KeyPress from None: t=550.3424584000022, value=v, duration=0.10410009999759495>
550.8514 	INFO 	Keyboard events cleared
550.8513 	EXP 	rk_prompt: autoDraw = True
551.9618 	EXP 	Device response: <KeyPress from None: t=551.9591262000031, value=1, duration=None>
551.9622 	EXP 	New trial (rep=0, index=48): <Trial 48 (48 in rep 0) data={'definition': 'A spinning pancake', 'word': 'DISC', 'old_new': 'new', 'correct_old_new': 'no', 'thisN': 48, 'thisTrialN': 48, 'thisRepN': 0}>
551.9690 	DATA 	Keypress: 1
551.9709 	EXP 	rk_prompt: autoDraw = False
551.9709 	EXP 	recall_prompt: height = np.float64(0.04)
551.9709 	EXP 	recall_prompt: height = np.float64(0.04)
551.9709 	EXP 	recall_prompt: height = np.float64(0.04)
551.9709 	EXP 	recall_prompt: text = ''
551.9709 	EXP 	recall_prompt: height = np.float64(0.04)
551.9709 	EXP 	recall_prompt: height = np.float64(0.04)
551.9709 	EXP 	recall_prompt: height = np.float64(0.04)
551.9709 	EXP 	recall_prompt: text = 'A spinning pancake\n\nType the word below and press ENTER to submit.'
552.0720 	EXP 	Device response: <KeyPress from None: t=551.9591262000031, value=1, duration=0.10358560000167927>
552.4611 	INFO 	Keyboard events cleared
552.4610 	EXP 	recall_prompt: autoDraw = True
552.4610 	EXP 	typed_response: autoDraw = True
554.4113 	EXP 	Device response: <KeyPress from None: t=554.4064873000025, value=n, duration=None>
554.4154 	DATA 	Keypress: n
554.4914 	EXP 	Device response: <KeyPress from None: t=554.4865028000058, value=o, duration=None>
554.4949 	DATA 	Keypress: o
554.5512 	EXP 	Device response: <KeyPress from None: t=554.4064873000025, value=n, duration=0.13577729999815347>
554.6011 	EXP 	Device response: <KeyPress from None: t=554.4865028000058, value=o, duration=0.11195880000013858>
554.7209 	EXP 	Device response: <KeyPress from None: t=554.718766900005, value=return, duration=None>
554.7268 	DATA 	Keypress: return
554.7307 	EXP 	recall_prompt: autoDraw = False
554.7307 	EXP 	typed_response: autoDraw = False
554.7307 	EXP 	recog_prompt: height = np.float64(0.04)
554.7307 	EXP 	recog_prompt: height = np.float64(0.04)
554.7307 	EXP 	recog_prompt: height = np.float64(0.04)
554.7307 	EXP 	recog_prompt: text = "A spinning pancake\n\nDid you see or hear this definition earlier?\n\nPress 'Y' for YES\nPress 'N' for NO"
554.7307 	EXP 	recog_prompt: text = "A spinning pancake\n\nDid you see or hear this definition earlier?\n\nPress 'Y' for YES\nPress 'N' for NO"
554.8512 	EXP 	Device response: <KeyPress from None: t=554.718766900005, value=return, duration=0.12784850000025472>
555.2210 	INFO 	Keyboard events cleared
555.2209 	EXP 	recog_prompt: autoDraw = True
559.1302 	EXP 	Device response: <KeyPress from None: t=559.1263754000029, value=n, duration=None>
559.1304 	EXP 	New trial (rep=0, index=49): <Trial 49 (49 in rep 0) data={'definition': 'A silent scream on paper', 'word': 'EXCLAMATION', 'old_new': 'new', 'correct_old_new': 'no', 'thisN': 49, 'thisTrialN': 49, 'thisRepN': 0}>
559.1336 	DATA 	Keypress: n
559.1399 	EXP 	recog_prompt: autoDraw = False
559.1399 	EXP 	source_prompt: autoDraw = False
559.1399 	EXP 	rk_prompt: autoDraw = False
559.1399 	EXP 	recall_prompt: height = np.float64(0.04)
559.1399 	EXP 	recall_prompt: height = np.float64(0.04)
559.1399 	EXP 	recall_prompt: height = np.float64(0.04)
559.1399 	EXP 	recall_prompt: text = ''
559.1399 	EXP 	recall_prompt: height = np.float64(0.04)
559.1399 	EXP 	recall_prompt: height = np.float64(0.04)
559.1399 	EXP 	recall_prompt: height = np.float64(0.04)
559.1399 	EXP 	recall_prompt: text = 'A silent scream on paper\n\nType the word below and press ENTER to submit.'
559.2203 	EXP 	Device response: <KeyPress from None: t=559.1263754000029, value=n, duration=0.08785299999726703>
559.6301 	INFO 	Keyboard events cleared
559.6300 	EXP 	recall_prompt: autoDraw = True
559.6300 	EXP 	typed_response: autoDraw = True
563.1025 	DATA 	Keypress: n
563.1099 	EXP 	Device response: <KeyPress from None: t=563.1023778000017, value=n, duration=None>
563.2200 	EXP 	Device response: <KeyPress from None: t=563.214360900005, value=o, duration=None>
563.2233 	DATA 	Keypress: o
563.2702 	EXP 	Device response: <KeyPress from None: t=563.1023778000017, value=n, duration=0.16023470000072848>
563.3100 	EXP 	Device response: <KeyPress from None: t=563.214360900005, value=o, duration=0.08804879999661352>
563.4633 	DATA 	Keypress: return
563.4698 	EXP 	Device response: <KeyPress from None: t=563.4623190999991, value=return, duration=None>
563.4796 	EXP 	recall_prompt: autoDraw = False
563.4796 	EXP 	typed_response: autoDraw = False
563.4796 	EXP 	recog_prompt: height = np.float64(0.04)
563.4796 	EXP 	recog_prompt: height = np.float64(0.04)
563.4796 	EXP 	recog_prompt: height = np.float64(0.04)
563.4796 	EXP 	recog_prompt: text = "A silent scream on paper\n\nDid you see or hear this definition earlier?\n\nPress 'Y' for YES\nPress 'N' for NO"
563.4796 	EXP 	recog_prompt: text = "A silent scream on paper\n\nDid you see or hear this definition earlier?\n\nPress 'Y' for YES\nPress 'N' for NO"
563.5904 	EXP 	Device response: <KeyPress from None: t=563.4623190999991, value=return, duration=0.12023940000653965>
563.9697 	INFO 	Keyboard events cleared
563.9695 	EXP 	recog_prompt: autoDraw = True
564.5001 	EXP 	Device response: <KeyPress from None: t=564.4949138000011, value=n, duration=None>
564.5009 	EXP 	New trial (rep=0, index=50): <Trial 50 (50 in rep 0) data={'definition': 'A metal mushroom', 'word': 'BELL', 'old_new': 'new', 'correct_old_new': 'no', 'thisN': 50, 'thisTrialN': 50, 'thisRepN': 0}>
564.5068 	DATA 	Keypress: n
564.5094 	EXP 	recog_prompt: autoDraw = False
564.5094 	EXP 	source_prompt: autoDraw = False
564.5094 	EXP 	rk_prompt: autoDraw = False
564.5094 	EXP 	recall_prompt: height = np.float64(0.04)
564.5094 	EXP 	recall_prompt: height = np.float64(0.04)
564.5094 	EXP 	recall_prompt: height = np.float64(0.04)
564.5094 	EXP 	recall_prompt: text = ''
564.5094 	EXP 	recall_prompt: height = np.float64(0.04)
564.5094 	EXP 	recall_prompt: height = np.float64(0.04)
564.5094 	EXP 	recall_prompt: height = np.float64(0.04)
564.5094 	EXP 	recall_prompt: text = 'A metal mushroom\n\nType the word below and press ENTER to submit.'
564.6104 	EXP 	Device response: <KeyPress from None: t=564.4949138000011, value=n, duration=0.11181860000215238>
564.9994 	INFO 	Keyboard events cleared
564.9994 	EXP 	recall_prompt: autoDraw = True
564.9994 	EXP 	typed_response: autoDraw = True
567.8393 	EXP 	Device response: <KeyPress from None: t=567.8386755000029, value=n, duration=None>
567.8440 	DATA 	Keypress: n
567.9294 	EXP 	Device response: <KeyPress from None: t=567.9265059000027, value=o, duration=None>
567.9322 	DATA 	Keypress: o
568.0094 	EXP 	Device response: <KeyPress from None: t=567.8386755000029, value=n, duration=0.16769829999975627>
568.0495 	EXP 	Device response: <KeyPress from None: t=567.9265059000027, value=o, duration=0.11986179999803426>
568.4635 	DATA 	Keypress: return
568.4691 	EXP 	Device response: <KeyPress from None: t=568.4627327000053, value=return, duration=None>
568.4790 	EXP 	recall_prompt: autoDraw = False
568.4790 	EXP 	typed_response: autoDraw = False
568.4790 	EXP 	recog_prompt: height = np.float64(0.04)
568.4790 	EXP 	recog_prompt: height = np.float64(0.04)
568.4790 	EXP 	recog_prompt: height = np.float64(0.04)
568.4790 	EXP 	recog_prompt: text = "A metal mushroom\n\nDid you see or hear this definition earlier?\n\nPress 'Y' for YES\nPress 'N' for NO"
568.4790 	EXP 	recog_prompt: text = "A metal mushroom\n\nDid you see or hear this definition earlier?\n\nPress 'Y' for YES\nPress 'N' for NO"
568.5896 	EXP 	Device response: <KeyPress from None: t=568.4627327000053, value=return, duration=0.11989159999939147>
568.9691 	INFO 	Keyboard events cleared
568.9690 	EXP 	recog_prompt: autoDraw = True
569.1594 	EXP 	Device response: <KeyPress from None: t=569.1586100999994, value=n, duration=None>
569.1600 	EXP 	New trial (rep=0, index=51): <Trial 51 (51 in rep 0) data={'definition': 'A polite drum for rain', 'word': 'ROOF', 'old_new': 'new', 'correct_old_new': 'no', 'thisN': 51, 'thisTrialN': 51, 'thisRepN': 0}>
569.1662 	DATA 	Keypress: n
569.1689 	EXP 	recog_prompt: autoDraw = False
569.1689 	EXP 	source_prompt: autoDraw = False
569.1689 	EXP 	rk_prompt: autoDraw = False
569.1689 	EXP 	recall_prompt: height = np.float64(0.04)
569.1689 	EXP 	recall_prompt: height = np.float64(0.04)
569.1689 	EXP 	recall_prompt: height = np.float64(0.04)
569.1689 	EXP 	recall_prompt: text = ''
569.1689 	EXP 	recall_prompt: height = np.float64(0.04)
569.1689 	EXP 	recall_prompt: height = np.float64(0.04)
569.1689 	EXP 	recall_prompt: height = np.float64(0.04)
569.1689 	EXP 	recall_prompt: text = 'A polite drum for rain\n\nType the word below and press ENTER to submit.'
569.2496 	EXP 	Device response: <KeyPress from None: t=569.1586100999994, value=n, duration=0.08819570000196109>
569.6589 	INFO 	Keyboard events cleared
569.6589 	EXP 	recall_prompt: autoDraw = True
569.6589 	EXP 	typed_response: autoDraw = True
573.8487 	EXP 	Device response: <KeyPress from None: t=573.8464641000028, value=n, duration=None>
573.8518 	DATA 	Keypress: n
573.9109 	DATA 	Keypress: o
573.9186 	EXP 	Device response: <KeyPress from None: t=573.9102803999995, value=o, duration=None>
573.9690 	EXP 	Device response: <KeyPress from None: t=573.8464641000028, value=n, duration=0.12006210000254214>
574.0387 	EXP 	Device response: <KeyPress from None: t=573.9102803999995, value=o, duration=0.1199345000059111>
574.2811 	DATA 	Keypress: return
574.2884 	EXP 	Device response: <KeyPress from None: t=574.2788609000054, value=return, duration=None>
574.2983 	EXP 	recall_prompt: autoDraw = False
574.2983 	EXP 	typed_response: autoDraw = False
574.2983 	EXP 	recog_prompt: height = np.float64(0.04)
574.2983 	EXP 	recog_prompt: height = np.float64(0.04)
574.2983 	EXP 	recog_prompt: height = np.float64(0.04)
574.2983 	EXP 	recog_prompt: text = "A polite drum for rain\n\nDid you see or hear this definition earlier?\n\nPress 'Y' for YES\nPress 'N' for NO"
574.2983 	EXP 	recog_prompt: text = "A polite drum for rain\n\nDid you see or hear this definition earlier?\n\nPress 'Y' for YES\nPress 'N' for NO"
574.3791 	EXP 	Device response: <KeyPress from None: t=574.2788609000054, value=return, duration=0.0959928999945987>
574.7888 	INFO 	Keyboard events cleared
574.7886 	EXP 	recog_prompt: autoDraw = True
575.0588 	EXP 	Device response: <KeyPress from None: t=575.0548847000027, value=n, duration=None>
575.0594 	EXP 	New trial (rep=0, index=52): <Trial 52 (52 in rep 0) data={'definition': 'A glass drum', 'word': 'BOWL', 'old_new': 'old', 'correct_old_new': 'yes', 'thisN': 52, 'thisTrialN': 52, 'thisRepN': 0}>
575.0659 	DATA 	Keypress: n
575.0681 	EXP 	recog_prompt: autoDraw = False
575.0681 	EXP 	source_prompt: autoDraw = False
575.0681 	EXP 	rk_prompt: autoDraw = False
575.0681 	EXP 	recall_prompt: height = np.float64(0.04)
575.0681 	EXP 	recall_prompt: height = np.float64(0.04)
575.0681 	EXP 	recall_prompt: height = np.float64(0.04)
575.0681 	EXP 	recall_prompt: text = ''
575.0681 	EXP 	recall_prompt: height = np.float64(0.04)
575.0681 	EXP 	recall_prompt: height = np.float64(0.04)
575.0681 	EXP 	recall_prompt: height = np.float64(0.04)
575.0681 	EXP 	recall_prompt: text = 'A glass drum\n\nType the word below and press ENTER to submit.'
575.1587 	EXP 	Device response: <KeyPress from None: t=575.0548847000027, value=n, duration=0.09537730000010924>
575.5585 	INFO 	Keyboard events cleared
575.5584 	EXP 	recall_prompt: autoDraw = True
575.5584 	EXP 	typed_response: autoDraw = True
577.7530 	DATA 	Keypress: n
577.7582 	EXP 	Device response: <KeyPress from None: t=577.7503448999996, value=n, duration=None>
577.8582 	EXP 	Device response: <KeyPress from None: t=577.8542211000022, value=o, duration=None>
577.8603 	DATA 	Keypress: o
577.9182 	EXP 	Device response: <KeyPress from None: t=577.7503448999996, value=n, duration=0.1598295000003418>
577.9682 	EXP 	Device response: <KeyPress from None: t=577.8542211000022, value=o, duration=0.11220519999915268>
579.1213 	DATA 	Keypress: backspace
579.1282 	EXP 	Device response: <KeyPress from None: t=579.1185432999991, value=backspace, duration=None>
579.1883 	EXP 	Device response: <KeyPress from None: t=579.1185432999991, value=backspace, duration=0.06369590000394965>
579.3081 	EXP 	Device response: <KeyPress from None: t=579.3023553000021, value=backspace, duration=None>
579.3104 	DATA 	Keypress: backspace
579.3984 	EXP 	Device response: <KeyPress from None: t=579.3023553000021, value=backspace, duration=0.08790359999693464>
584.5117 	DATA 	Keypress: n
584.5174 	EXP 	Device response: <KeyPress from None: t=584.5104455000037, value=n, duration=None>
584.6005 	DATA 	Keypress: o
584.6076 	EXP 	Device response: <KeyPress from None: t=584.5983832000056, value=o, duration=None>
584.6675 	EXP 	Device response: <KeyPress from None: t=584.5104455000037, value=n, duration=0.15182279999862658>
584.7376 	EXP 	Device response: <KeyPress from None: t=584.5983832000056, value=o, duration=0.13581109999358887>
585.0402 	DATA 	Keypress: return
585.0472 	EXP 	Device response: <KeyPress from None: t=585.0383673000033, value=return, duration=None>
585.0569 	EXP 	recall_prompt: autoDraw = False
585.0569 	EXP 	typed_response: autoDraw = False
585.0569 	EXP 	recog_prompt: height = np.float64(0.04)
585.0569 	EXP 	recog_prompt: height = np.float64(0.04)
585.0569 	EXP 	recog_prompt: height = np.float64(0.04)
585.0569 	EXP 	recog_prompt: text = "A glass drum\n\nDid you see or hear this definition earlier?\n\nPress 'Y' for YES\nPress 'N' for NO"
585.0569 	EXP 	recog_prompt: text = "A glass drum\n\nDid you see or hear this definition earlier?\n\nPress 'Y' for YES\nPress 'N' for NO"
585.1775 	EXP 	Device response: <KeyPress from None: t=585.0383673000033, value=return, duration=0.13622960000066087>
585.5473 	INFO 	Keyboard events cleared
585.5472 	EXP 	recog_prompt: autoDraw = True
585.9876 	EXP 	Device response: <KeyPress from None: t=585.9828999000019, value=n, duration=None>
585.9882 	EXP 	New trial (rep=0, index=53): <Trial 53 (53 in rep 0) data={'definition': 'A metal shoelace', 'word': 'CHAIN', 'old_new': 'new', 'correct_old_new': 'no', 'thisN': 53, 'thisTrialN': 53, 'thisRepN': 0}>
585.9950 	DATA 	Keypress: n
585.9972 	EXP 	recog_prompt: autoDraw = False
585.9972 	EXP 	source_prompt: autoDraw = False
585.9972 	EXP 	rk_prompt: autoDraw = False
585.9972 	EXP 	recall_prompt: height = np.float64(0.04)
585.9972 	EXP 	recall_prompt: height = np.float64(0.04)
585.9972 	EXP 	recall_prompt: height = np.float64(0.04)
585.9972 	EXP 	recall_prompt: text = ''
585.9972 	EXP 	recall_prompt: height = np.float64(0.04)
585.9972 	EXP 	recall_prompt: height = np.float64(0.04)
585.9972 	EXP 	recall_prompt: height = np.float64(0.04)
585.9972 	EXP 	recall_prompt: text = 'A metal shoelace\n\nType the word below and press ENTER to submit.'
586.0980 	EXP 	Device response: <KeyPress from None: t=585.9828999000019, value=n, duration=0.11181080000096699>
586.4870 	INFO 	Keyboard events cleared
586.4869 	EXP 	recall_prompt: autoDraw = True
586.4869 	EXP 	typed_response: autoDraw = True
589.6068 	EXP 	Device response: <KeyPress from None: t=589.6064399000024, value=n, duration=None>
589.6108 	DATA 	Keypress: n
589.7768 	EXP 	Device response: <KeyPress from None: t=589.6064399000024, value=n, duration=0.1601401000007172>
589.8070 	EXP 	Device response: <KeyPress from None: t=589.8064974000008, value=o, duration=None>
589.8104 	DATA 	Keypress: o
589.8467 	EXP 	Device response: <KeyPress from None: t=589.8064974000008, value=o, duration=0.03174569999828236>
590.2867 	EXP 	Device response: <KeyPress from None: t=590.2862788999992, value=return, duration=None>
590.2924 	DATA 	Keypress: return
590.2964 	EXP 	recall_prompt: autoDraw = False
590.2964 	EXP 	typed_response: autoDraw = False
590.2964 	EXP 	recog_prompt: height = np.float64(0.04)
590.2964 	EXP 	recog_prompt: height = np.float64(0.04)
590.2964 	EXP 	recog_prompt: height = np.float64(0.04)
590.2964 	EXP 	recog_prompt: text = "A metal shoelace\n\nDid you see or hear this definition earlier?\n\nPress 'Y' for YES\nPress 'N' for NO"
590.2964 	EXP 	recog_prompt: text = "A metal shoelace\n\nDid you see or hear this definition earlier?\n\nPress 'Y' for YES\nPress 'N' for NO"
590.4271 	EXP 	Device response: <KeyPress from None: t=590.2862788999992, value=return, duration=0.13632530000177212>
590.7865 	INFO 	Keyboard events cleared
590.7864 	EXP 	recog_prompt: autoDraw = True
591.3570 	EXP 	Device response: <KeyPress from None: t=591.3506626000017, value=n, duration=None>
591.3576 	EXP 	New trial (rep=0, index=54): <Trial 54 (54 in rep 0) data={'definition': 'A portable cave for sleeping', 'word': 'TENT', 'old_new': 'new', 'correct_old_new': 'no', 'thisN': 54, 'thisTrialN': 54, 'thisRepN': 0}>
591.3658 	DATA 	Keypress: n
591.3676 	EXP 	recog_prompt: autoDraw = False
591.3676 	EXP 	source_prompt: autoDraw = False
591.3676 	EXP 	rk_prompt: autoDraw = False
591.3676 	EXP 	recall_prompt: height = np.float64(0.04)
591.3676 	EXP 	recall_prompt: height = np.float64(0.04)
591.3676 	EXP 	recall_prompt: height = np.float64(0.04)
591.3676 	EXP 	recall_prompt: text = ''
591.3676 	EXP 	recall_prompt: height = np.float64(0.04)
591.3676 	EXP 	recall_prompt: height = np.float64(0.04)
591.3676 	EXP 	recall_prompt: height = np.float64(0.04)
591.3676 	EXP 	recall_prompt: text = 'A portable cave for sleeping\n\nType the word below and press ENTER to submit.'
591.4472 	EXP 	Device response: <KeyPress from None: t=591.3506626000017, value=n, duration=0.08796889999939594>
591.8606 	INFO 	Keyboard events cleared
591.8605 	EXP 	recall_prompt: autoDraw = True
591.8605 	EXP 	typed_response: autoDraw = True
594.1193 	DATA 	Keypress: n
594.1262 	EXP 	Device response: <KeyPress from None: t=594.1182823000054, value=n, duration=None>
594.2484 	DATA 	Keypress: o
594.2558 	EXP 	Device response: <KeyPress from None: t=594.2465010000014, value=o, duration=None>
594.2962 	EXP 	Device response: <KeyPress from None: t=594.1182823000054, value=n, duration=0.17608139999356354>
594.3760 	EXP 	Device response: <KeyPress from None: t=594.2465010000014, value=o, duration=0.12786530000448693>
594.7860 	EXP 	Device response: <KeyPress from None: t=594.7824544000032, value=return, duration=None>
594.7920 	DATA 	Keypress: return
594.7958 	EXP 	recall_prompt: autoDraw = False
594.7958 	EXP 	typed_response: autoDraw = False
594.7958 	EXP 	recog_prompt: height = np.float64(0.04)
594.7958 	EXP 	recog_prompt: height = np.float64(0.04)
594.7958 	EXP 	recog_prompt: height = np.float64(0.04)
594.7958 	EXP 	recog_prompt: text = "A portable cave for sleeping\n\nDid you see or hear this definition earlier?\n\nPress 'Y' for YES\nPress 'N' for NO"
594.7958 	EXP 	recog_prompt: text = "A portable cave for sleeping\n\nDid you see or hear this definition earlier?\n\nPress 'Y' for YES\nPress 'N' for NO"
594.9363 	EXP 	Device response: <KeyPress from None: t=594.7824544000032, value=return, duration=0.14449430000240682>
595.2860 	INFO 	Keyboard events cleared
595.2858 	EXP 	recog_prompt: autoDraw = True
595.4765 	EXP 	Device response: <KeyPress from None: t=595.470530300001, value=n, duration=None>
595.4771 	EXP 	New trial (rep=0, index=55): <Trial 55 (55 in rep 0) data={'definition': 'A house for wheels', 'word': 'PARKINGLOT', 'old_new': 'old', 'correct_old_new': 'yes', 'thisN': 55, 'thisTrialN': 55, 'thisRepN': 0}>
595.4837 	DATA 	Keypress: n
595.4856 	EXP 	recog_prompt: autoDraw = False
595.4856 	EXP 	source_prompt: autoDraw = False
595.4856 	EXP 	rk_prompt: autoDraw = False
595.4856 	EXP 	recall_prompt: height = np.float64(0.04)
595.4856 	EXP 	recall_prompt: height = np.float64(0.04)
595.4856 	EXP 	recall_prompt: height = np.float64(0.04)
595.4856 	EXP 	recall_prompt: text = ''
595.4856 	EXP 	recall_prompt: height = np.float64(0.04)
595.4856 	EXP 	recall_prompt: height = np.float64(0.04)
595.4856 	EXP 	recall_prompt: height = np.float64(0.04)
595.4856 	EXP 	recall_prompt: text = 'A house for wheels\n\nType the word below and press ENTER to submit.'
595.5768 	EXP 	Device response: <KeyPress from None: t=595.470530300001, value=n, duration=0.10414930000115419>
595.9760 	INFO 	Keyboard events cleared
595.9760 	EXP 	recall_prompt: autoDraw = True
595.9760 	EXP 	typed_response: autoDraw = True
597.7299 	DATA 	Keypress: n
597.7358 	EXP 	Device response: <KeyPress from None: t=597.7265498000052, value=n, duration=None>
597.7960 	EXP 	Device response: <KeyPress from None: t=597.7904008000041, value=o, duration=None>
597.7987 	DATA 	Keypress: o
597.8556 	EXP 	Device response: <KeyPress from None: t=597.7265498000052, value=n, duration=0.11979469999641879>
597.8960 	EXP 	Device response: <KeyPress from None: t=597.7904008000041, value=o, duration=0.10415899999497924>
598.1989 	DATA 	Keypress: return
598.2055 	EXP 	Device response: <KeyPress from None: t=598.1983601000029, value=return, duration=None>
598.2153 	EXP 	recall_prompt: autoDraw = False
598.2153 	EXP 	typed_response: autoDraw = False
598.2153 	EXP 	recog_prompt: height = np.float64(0.04)
598.2153 	EXP 	recog_prompt: height = np.float64(0.04)
598.2153 	EXP 	recog_prompt: height = np.float64(0.04)
598.2153 	EXP 	recog_prompt: text = "A house for wheels\n\nDid you see or hear this definition earlier?\n\nPress 'Y' for YES\nPress 'N' for NO"
598.2153 	EXP 	recog_prompt: text = "A house for wheels\n\nDid you see or hear this definition earlier?\n\nPress 'Y' for YES\nPress 'N' for NO"
598.3060 	EXP 	Device response: <KeyPress from None: t=598.1983601000029, value=return, duration=0.0967224999985774>
598.7055 	INFO 	Keyboard events cleared
598.7054 	EXP 	recog_prompt: autoDraw = True
598.9259 	EXP 	Device response: <KeyPress from None: t=598.9186611000041, value=n, duration=None>
598.9266 	EXP 	New trial (rep=0, index=56): <Trial 56 (56 in rep 0) data={'definition': 'A book for faces', 'word': 'ALBUM', 'old_new': 'new', 'correct_old_new': 'no', 'thisN': 56, 'thisTrialN': 56, 'thisRepN': 0}>
598.9342 	DATA 	Keypress: n
598.9366 	EXP 	recog_prompt: autoDraw = False
598.9366 	EXP 	source_prompt: autoDraw = False
598.9366 	EXP 	rk_prompt: autoDraw = False
598.9366 	EXP 	recall_prompt: height = np.float64(0.04)
598.9366 	EXP 	recall_prompt: height = np.float64(0.04)
598.9366 	EXP 	recall_prompt: height = np.float64(0.04)
598.9366 	EXP 	recall_prompt: text = ''
598.9366 	EXP 	recall_prompt: height = np.float64(0.04)
598.9366 	EXP 	recall_prompt: height = np.float64(0.04)
598.9366 	EXP 	recall_prompt: height = np.float64(0.04)
598.9366 	EXP 	recall_prompt: text = 'A book for faces\n\nType the word below and press ENTER to submit.'
599.0261 	EXP 	Device response: <KeyPress from None: t=598.9186611000041, value=n, duration=0.10379079999984242>
599.4259 	INFO 	Keyboard events cleared
599.4258 	EXP 	recall_prompt: autoDraw = True
599.4258 	EXP 	typed_response: autoDraw = True
600.9752 	EXP 	Device response: <KeyPress from None: t=600.9744225000031, value=n, duration=None>
600.9792 	DATA 	Keypress: n
601.0490 	DATA 	Keypress: o
601.0557 	EXP 	Device response: <KeyPress from None: t=601.0463907000012, value=o, duration=None>
601.1154 	EXP 	Device response: <KeyPress from None: t=600.9744225000031, value=n, duration=0.13591900000028545>
601.1752 	EXP 	Device response: <KeyPress from None: t=601.0463907000012, value=o, duration=0.12798499999917112>
601.4477 	DATA 	Keypress: return
601.4552 	EXP 	Device response: <KeyPress from None: t=601.4462729000006, value=return, duration=None>
601.4650 	EXP 	recall_prompt: autoDraw = False
601.4650 	EXP 	typed_response: autoDraw = False
601.4650 	EXP 	recog_prompt: height = np.float64(0.04)
601.4650 	EXP 	recog_prompt: height = np.float64(0.04)
601.4650 	EXP 	recog_prompt: height = np.float64(0.04)
601.4650 	EXP 	recog_prompt: text = "A book for faces\n\nDid you see or hear this definition earlier?\n\nPress 'Y' for YES\nPress 'N' for NO"
601.4650 	EXP 	recog_prompt: text = "A book for faces\n\nDid you see or hear this definition earlier?\n\nPress 'Y' for YES\nPress 'N' for NO"
601.5555 	EXP 	Device response: <KeyPress from None: t=601.4462729000006, value=return, duration=0.10442080000211718>
601.9552 	INFO 	Keyboard events cleared
601.9550 	EXP 	recog_prompt: autoDraw = True
602.2474 	DATA 	Keypress: n
602.2557 	EXP 	Device response: <KeyPress from None: t=602.246882200001, value=n, duration=None>
602.2564 	EXP 	New trial (rep=0, index=57): <Trial 57 (57 in rep 0) data={'definition': 'A wooden river', 'word': 'PLANK', 'old_new': 'old', 'correct_old_new': 'yes', 'thisN': 57, 'thisTrialN': 57, 'thisRepN': 0}>
602.2650 	EXP 	recog_prompt: autoDraw = False
602.2650 	EXP 	source_prompt: autoDraw = False
602.2650 	EXP 	rk_prompt: autoDraw = False
602.2650 	EXP 	recall_prompt: height = np.float64(0.04)
602.2650 	EXP 	recall_prompt: height = np.float64(0.04)
602.2650 	EXP 	recall_prompt: height = np.float64(0.04)
602.2650 	EXP 	recall_prompt: text = ''
602.2650 	EXP 	recall_prompt: height = np.float64(0.04)
602.2650 	EXP 	recall_prompt: height = np.float64(0.04)
602.2650 	EXP 	recall_prompt: height = np.float64(0.04)
602.2650 	EXP 	recall_prompt: text = 'A wooden river\n\nType the word below and press ENTER to submit.'
602.3459 	EXP 	Device response: <KeyPress from None: t=602.246882200001, value=n, duration=0.09582819999923231>
602.7547 	INFO 	Keyboard events cleared
602.7547 	EXP 	recall_prompt: autoDraw = True
602.7547 	EXP 	typed_response: autoDraw = True
607.5679 	DATA 	Keypress: n
607.5743 	EXP 	Device response: <KeyPress from None: t=607.5662090000042, value=n, duration=None>
607.6644 	EXP 	Device response: <KeyPress from None: t=607.6623450000043, value=o, duration=None>
607.6669 	DATA 	Keypress: o
607.7343 	EXP 	Device response: <KeyPress from None: t=607.5662090000042, value=n, duration=0.16001329999562586>
607.7841 	EXP 	Device response: <KeyPress from None: t=607.6623450000043, value=o, duration=0.1199406999949133>
608.0168 	DATA 	Keypress: return
608.0243 	EXP 	Device response: <KeyPress from None: t=608.0146433000045, value=return, duration=None>
608.0341 	EXP 	recall_prompt: autoDraw = False
608.0341 	EXP 	typed_response: autoDraw = False
608.0341 	EXP 	recog_prompt: height = np.float64(0.04)
608.0341 	EXP 	recog_prompt: height = np.float64(0.04)
608.0341 	EXP 	recog_prompt: height = np.float64(0.04)
608.0341 	EXP 	recog_prompt: text = "A wooden river\n\nDid you see or hear this definition earlier?\n\nPress 'Y' for YES\nPress 'N' for NO"
608.0341 	EXP 	recog_prompt: text = "A wooden river\n\nDid you see or hear this definition earlier?\n\nPress 'Y' for YES\nPress 'N' for NO"
608.1448 	EXP 	Device response: <KeyPress from None: t=608.0146433000045, value=return, duration=0.12018040000111796>
608.5243 	INFO 	Keyboard events cleared
608.5241 	EXP 	recog_prompt: autoDraw = True
608.7850 	EXP 	Device response: <KeyPress from None: t=608.7837213000021, value=n, duration=None>
608.7856 	EXP 	New trial (rep=0, index=58): <Trial 58 (58 in rep 0) data={'definition': 'A flying door', 'word': 'WINDOW', 'old_new': 'old', 'correct_old_new': 'yes', 'thisN': 58, 'thisTrialN': 58, 'thisRepN': 0}>
608.7906 	DATA 	Keypress: n
608.7939 	EXP 	recog_prompt: autoDraw = False
608.7939 	EXP 	source_prompt: autoDraw = False
608.7939 	EXP 	rk_prompt: autoDraw = False
608.7939 	EXP 	recall_prompt: height = np.float64(0.04)
608.7939 	EXP 	recall_prompt: height = np.float64(0.04)
608.7939 	EXP 	recall_prompt: height = np.float64(0.04)
608.7939 	EXP 	recall_prompt: text = ''
608.7939 	EXP 	recall_prompt: height = np.float64(0.04)
608.7939 	EXP 	recall_prompt: height = np.float64(0.04)
608.7939 	EXP 	recall_prompt: height = np.float64(0.04)
608.7939 	EXP 	recall_prompt: text = 'A flying door\n\nType the word below and press ENTER to submit.'
608.8949 	EXP 	Device response: <KeyPress from None: t=608.7837213000021, value=n, duration=0.10297269999864511>
609.2841 	INFO 	Keyboard events cleared
609.2840 	EXP 	recall_prompt: autoDraw = True
609.2840 	EXP 	typed_response: autoDraw = True
611.3438 	EXP 	Device response: <KeyPress from None: t=611.3422477999993, value=n, duration=None>
611.3460 	DATA 	Keypress: n
611.4138 	EXP 	Device response: <KeyPress from None: t=611.4063310000056, value=o, duration=None>
611.4158 	DATA 	Keypress: o
611.5039 	EXP 	Device response: <KeyPress from None: t=611.3422477999993, value=n, duration=0.15223970000079134>
611.5440 	EXP 	Device response: <KeyPress from None: t=611.4063310000056, value=o, duration=0.13640539999323664>
612.0154 	DATA 	Keypress: return
612.0239 	EXP 	Device response: <KeyPress from None: t=612.014185, value=return, duration=None>
612.0336 	EXP 	recall_prompt: autoDraw = False
612.0336 	EXP 	typed_response: autoDraw = False
612.0336 	EXP 	recog_prompt: height = np.float64(0.04)
612.0336 	EXP 	recog_prompt: height = np.float64(0.04)
612.0336 	EXP 	recog_prompt: height = np.float64(0.04)
612.0336 	EXP 	recog_prompt: text = "A flying door\n\nDid you see or hear this definition earlier?\n\nPress 'Y' for YES\nPress 'N' for NO"
612.0336 	EXP 	recog_prompt: text = "A flying door\n\nDid you see or hear this definition earlier?\n\nPress 'Y' for YES\nPress 'N' for NO"
612.1240 	EXP 	Device response: <KeyPress from None: t=612.014185, value=return, duration=0.10451380000449717>
612.5238 	INFO 	Keyboard events cleared
612.5236 	EXP 	recog_prompt: autoDraw = True
612.7937 	EXP 	Device response: <KeyPress from None: t=612.7907649000044, value=n, duration=None>
612.7940 	EXP 	New trial (rep=0, index=59): <Trial 59 (59 in rep 0) data={'definition': 'A metal spider for paper', 'word': 'STAPLER', 'old_new': 'old', 'correct_old_new': 'yes', 'thisN': 59, 'thisTrialN': 59, 'thisRepN': 0}>
612.7980 	DATA 	Keypress: n
612.8035 	EXP 	recog_prompt: autoDraw = False
612.8035 	EXP 	source_prompt: autoDraw = False
612.8035 	EXP 	rk_prompt: autoDraw = False
612.8035 	EXP 	recall_prompt: height = np.float64(0.04)
612.8035 	EXP 	recall_prompt: height = np.float64(0.04)
612.8035 	EXP 	recall_prompt: height = np.float64(0.04)
612.8035 	EXP 	recall_prompt: text = ''
612.8035 	EXP 	recall_prompt: height = np.float64(0.04)
612.8035 	EXP 	recall_prompt: height = np.float64(0.04)
612.8035 	EXP 	recall_prompt: height = np.float64(0.04)
612.8035 	EXP 	recall_prompt: text = 'A metal spider for paper\n\nType the word below and press ENTER to submit.'
612.9044 	EXP 	Device response: <KeyPress from None: t=612.7907649000044, value=n, duration=0.10388729999976931>
613.2938 	INFO 	Keyboard events cleared
613.2938 	EXP 	recall_prompt: autoDraw = True
613.2938 	EXP 	typed_response: autoDraw = True
616.6954 	DATA 	Keypress: p
616.7031 	EXP 	Device response: <KeyPress from None: t=616.6941959000033, value=p, duration=None>
616.8130 	EXP 	Device response: <KeyPress from None: t=616.6941959000033, value=p, duration=0.11200390000158222>
616.8430 	EXP 	Device response: <KeyPress from None: t=616.8381296000007, value=a, duration=None>
616.8449 	DATA 	Keypress: a
616.9358 	DATA 	Keypress: p
616.9431 	EXP 	Device response: <KeyPress from None: t=616.9343516000008, value=p, duration=None>
616.9731 	EXP 	Device response: <KeyPress from None: t=616.8381296000007, value=a, duration=0.1280786999996053>
617.0232 	EXP 	Device response: <KeyPress from None: t=616.9343516000008, value=p, duration=0.08818220000102883>
617.1337 	EXP 	Device response: <KeyPress from None: t=617.1265908999994, value=e, duration=None>
617.1355 	DATA 	Keypress: e
617.2331 	EXP 	Device response: <KeyPress from None: t=617.2308483000015, value=r, duration=None>
617.2347 	DATA 	Keypress: r
617.2831 	EXP 	Device response: <KeyPress from None: t=617.1265908999994, value=e, duration=0.15166750000207685>
617.3534 	EXP 	Device response: <KeyPress from None: t=617.2308483000015, value=r, duration=0.11996360000193818>
617.7357 	DATA 	Keypress: c
617.7432 	EXP 	Device response: <KeyPress from None: t=617.734457999999, value=c, duration=None>
617.7730 	EXP 	Device response: <KeyPress from None: t=617.7662889000057, value=l, duration=None>
617.7754 	DATA 	Keypress: l
617.8329 	EXP 	Device response: <KeyPress from None: t=617.734457999999, value=c, duration=0.09585880000668112>
617.8830 	EXP 	Device response: <KeyPress from None: t=617.7662889000057, value=l, duration=0.11189749999903142>
617.9829 	EXP 	Device response: <KeyPress from None: t=617.9822285000046, value=i, duration=None>
617.9845 	DATA 	Keypress: i
618.0731 	EXP 	Device response: <KeyPress from None: t=617.9822285000046, value=i, duration=0.08806859999458538>
618.1931 	EXP 	Device response: <KeyPress from None: t=618.1906166000044, value=p, duration=None>
618.1950 	DATA 	Keypress: p
618.3031 	EXP 	Device response: <KeyPress from None: t=618.1906166000044, value=p, duration=0.10378789999958826>
618.5129 	EXP 	Device response: <KeyPress from None: t=618.5105626000004, value=return, duration=None>
618.5187 	DATA 	Keypress: return
618.5227 	EXP 	recall_prompt: autoDraw = False
618.5227 	EXP 	typed_response: autoDraw = False
618.5227 	EXP 	recog_prompt: height = np.float64(0.04)
618.5227 	EXP 	recog_prompt: height = np.float64(0.04)
618.5227 	EXP 	recog_prompt: height = np.float64(0.04)
618.5227 	EXP 	recog_prompt: text = "A metal spider for paper\n\nDid you see or hear this definition earlier?\n\nPress 'Y' for YES\nPress 'N' for NO"
618.5227 	EXP 	recog_prompt: text = "A metal spider for paper\n\nDid you see or hear this definition earlier?\n\nPress 'Y' for YES\nPress 'N' for NO"
618.6233 	EXP 	Device response: <KeyPress from None: t=618.5105626000004, value=return, duration=0.10427429999981541>
619.0134 	INFO 	Keyboard events cleared
619.0133 	EXP 	recog_prompt: autoDraw = True
619.4954 	DATA 	Keypress: n
619.5037 	EXP 	Device response: <KeyPress from None: t=619.4946354000058, value=n, duration=None>
619.5041 	EXP 	New trial (rep=0, index=60): <Trial 60 (60 in rep 0) data={'definition': 'A chair for babies', 'word': 'HIGHCHAIR', 'old_new': 'new', 'correct_old_new': 'no', 'thisN': 60, 'thisTrialN': 60, 'thisRepN': 0}>
619.5128 	EXP 	recog_prompt: autoDraw = False
619.5128 	EXP 	source_prompt: autoDraw = False
619.5128 	EXP 	rk_prompt: autoDraw = False
619.5128 	EXP 	recall_prompt: height = np.float64(0.04)
619.5128 	EXP 	recall_prompt: height = np.float64(0.04)
619.5128 	EXP 	recall_prompt: height = np.float64(0.04)
619.5128 	EXP 	recall_prompt: text = ''
619.5128 	EXP 	recall_prompt: height = np.float64(0.04)
619.5128 	EXP 	recall_prompt: height = np.float64(0.04)
619.5128 	EXP 	recall_prompt: height = np.float64(0.04)
619.5128 	EXP 	recall_prompt: text = 'A chair for babies\n\nType the word below and press ENTER to submit.'
619.6036 	EXP 	Device response: <KeyPress from None: t=619.4946354000058, value=n, duration=0.10422239999752492>
620.0025 	INFO 	Keyboard events cleared
620.0024 	EXP 	recall_prompt: autoDraw = True
620.0024 	EXP 	typed_response: autoDraw = True
621.8656 	DATA 	Keypress: n
621.8726 	EXP 	Device response: <KeyPress from None: t=621.8624908000056, value=n, duration=None>
621.8927 	EXP 	Device response: <KeyPress from None: t=621.8862252000035, value=o, duration=None>
621.8952 	DATA 	Keypress: o
622.0324 	EXP 	Device response: <KeyPress from None: t=621.8624908000056, value=n, duration=0.16792689999419963>
622.0324 	EXP 	Device response: <KeyPress from None: t=621.8862252000035, value=o, duration=0.14419249999627937>
622.2426 	EXP 	Device response: <KeyPress from None: t=622.2384810000003, value=return, duration=None>
622.2482 	DATA 	Keypress: return
622.2523 	EXP 	recall_prompt: autoDraw = False
622.2523 	EXP 	typed_response: autoDraw = False
622.2523 	EXP 	recog_prompt: height = np.float64(0.04)
622.2523 	EXP 	recog_prompt: height = np.float64(0.04)
622.2523 	EXP 	recog_prompt: height = np.float64(0.04)
622.2523 	EXP 	recog_prompt: text = "A chair for babies\n\nDid you see or hear this definition earlier?\n\nPress 'Y' for YES\nPress 'N' for NO"
622.2523 	EXP 	recog_prompt: text = "A chair for babies\n\nDid you see or hear this definition earlier?\n\nPress 'Y' for YES\nPress 'N' for NO"
622.3629 	EXP 	Device response: <KeyPress from None: t=622.2384810000003, value=return, duration=0.12030349999986356>
622.7425 	INFO 	Keyboard events cleared
622.7424 	EXP 	recog_prompt: autoDraw = True
622.8927 	EXP 	Device response: <KeyPress from None: t=622.8863810000039, value=n, duration=None>
622.8932 	EXP 	New trial (rep=0, index=61): <Trial 61 (61 in rep 0) data={'definition': 'A sugar snowstorm', 'word': 'POWDEREDSUGAR', 'old_new': 'new', 'correct_old_new': 'no', 'thisN': 61, 'thisTrialN': 61, 'thisRepN': 0}>
622.8981 	DATA 	Keypress: n
622.9020 	EXP 	recog_prompt: autoDraw = False
622.9020 	EXP 	source_prompt: autoDraw = False
622.9020 	EXP 	rk_prompt: autoDraw = False
622.9020 	EXP 	recall_prompt: height = np.float64(0.04)
622.9020 	EXP 	recall_prompt: height = np.float64(0.04)
622.9020 	EXP 	recall_prompt: height = np.float64(0.04)
622.9020 	EXP 	recall_prompt: text = ''
622.9020 	EXP 	recall_prompt: height = np.float64(0.04)
622.9020 	EXP 	recall_prompt: height = np.float64(0.04)
622.9020 	EXP 	recall_prompt: height = np.float64(0.04)
622.9020 	EXP 	recall_prompt: text = 'A sugar snowstorm\n\nType the word below and press ENTER to submit.'
622.9928 	EXP 	Device response: <KeyPress from None: t=622.8863810000039, value=n, duration=0.10410589999810327>
623.3921 	INFO 	Keyboard events cleared
623.3920 	EXP 	recall_prompt: autoDraw = True
623.3920 	EXP 	typed_response: autoDraw = True
628.6515 	EXP 	Device response: <KeyPress from None: t=628.6461878000046, value=n, duration=None>
628.6534 	DATA 	Keypress: n
628.7221 	EXP 	Device response: <KeyPress from None: t=628.718451700006, value=o, duration=None>
628.7244 	DATA 	Keypress: o
628.7818 	EXP 	Device response: <KeyPress from None: t=628.6461878000046, value=n, duration=0.12818110000080196>
628.8417 	EXP 	Device response: <KeyPress from None: t=628.718451700006, value=o, duration=0.11994339999364456>
629.1042 	DATA 	Keypress: return
629.1117 	EXP 	Device response: <KeyPress from None: t=629.1024735000028, value=return, duration=None>
629.1214 	EXP 	recall_prompt: autoDraw = False
629.1214 	EXP 	typed_response: autoDraw = False
629.1214 	EXP 	recog_prompt: height = np.float64(0.04)
629.1214 	EXP 	recog_prompt: height = np.float64(0.04)
629.1214 	EXP 	recog_prompt: height = np.float64(0.04)
629.1214 	EXP 	recog_prompt: text = "A sugar snowstorm\n\nDid you see or hear this definition earlier?\n\nPress 'Y' for YES\nPress 'N' for NO"
629.1214 	EXP 	recog_prompt: text = "A sugar snowstorm\n\nDid you see or hear this definition earlier?\n\nPress 'Y' for YES\nPress 'N' for NO"
629.2222 	EXP 	Device response: <KeyPress from None: t=629.1024735000028, value=return, duration=0.11217039999610279>
629.6118 	INFO 	Keyboard events cleared
629.6117 	EXP 	recog_prompt: autoDraw = True
630.3843 	DATA 	Keypress: n
630.3920 	EXP 	Device response: <KeyPress from None: t=630.3833059000026, value=n, duration=None>
630.3925 	EXP 	New trial (rep=0, index=62): <Trial 62 (62 in rep 0) data={'definition': 'A metal tongue for guitars', 'word': 'PICK', 'old_new': 'old', 'correct_old_new': 'yes', 'thisN': 62, 'thisTrialN': 62, 'thisRepN': 0}>
630.4012 	EXP 	recog_prompt: autoDraw = False
630.4012 	EXP 	source_prompt: autoDraw = False
630.4012 	EXP 	rk_prompt: autoDraw = False
630.4012 	EXP 	recall_prompt: height = np.float64(0.04)
630.4012 	EXP 	recall_prompt: height = np.float64(0.04)
630.4012 	EXP 	recall_prompt: height = np.float64(0.04)
630.4012 	EXP 	recall_prompt: text = ''
630.4012 	EXP 	recall_prompt: height = np.float64(0.04)
630.4012 	EXP 	recall_prompt: height = np.float64(0.04)
630.4012 	EXP 	recall_prompt: height = np.float64(0.04)
630.4012 	EXP 	recall_prompt: text = 'A metal tongue for guitars\n\nType the word below and press ENTER to submit.'
630.4820 	EXP 	Device response: <KeyPress from None: t=630.3833059000026, value=n, duration=0.08725409999897238>
630.8912 	INFO 	Keyboard events cleared
630.8912 	EXP 	recall_prompt: autoDraw = True
630.8912 	EXP 	typed_response: autoDraw = True
632.5210 	EXP 	Device response: <KeyPress from None: t=632.5183145000046, value=p, duration=None>
632.5229 	DATA 	Keypress: p
632.6639 	DATA 	Keypress: o
632.6711 	EXP 	Device response: <KeyPress from None: t=632.6623766000048, value=o, duration=None>
632.7112 	EXP 	Device response: <KeyPress from None: t=632.5183145000046, value=p, duration=0.1919549999947776>
632.7910 	EXP 	Device response: <KeyPress from None: t=632.6623766000048, value=o, duration=0.1278283999999985>
633.1837 	DATA 	Keypress: backspace
633.1914 	EXP 	Device response: <KeyPress from None: t=633.1826788000035, value=backspace, duration=None>
633.2711 	EXP 	Device response: <KeyPress from None: t=633.1826788000035, value=backspace, duration=0.07981650000147056>
633.4609 	EXP 	Device response: <KeyPress from None: t=633.4542559000038, value=i, duration=None>
633.4630 	DATA 	Keypress: i
633.5510 	EXP 	Device response: <KeyPress from None: t=633.4542559000038, value=i, duration=0.0961267999955453>
633.5712 	EXP 	Device response: <KeyPress from None: t=633.566350400004, value=c, duration=None>
633.5741 	DATA 	Keypress: c
633.6609 	EXP 	Device response: <KeyPress from None: t=633.566350400004, value=c, duration=0.08788829999684822>
633.7410 	EXP 	Device response: <KeyPress from None: t=633.7342594000002, value=k, duration=None>
633.7431 	DATA 	Keypress: k
633.8410 	EXP 	Device response: <KeyPress from None: t=633.7342594000002, value=k, duration=0.10415150000335416>
635.1408 	EXP 	Device response: <KeyPress from None: t=635.1345511000036, value=return, duration=None>
635.1467 	DATA 	Keypress: return
635.1506 	EXP 	recall_prompt: autoDraw = False
635.1506 	EXP 	typed_response: autoDraw = False
635.1506 	EXP 	recog_prompt: height = np.float64(0.04)
635.1506 	EXP 	recog_prompt: height = np.float64(0.04)
635.1506 	EXP 	recog_prompt: height = np.float64(0.04)
635.1506 	EXP 	recog_prompt: text = "A metal tongue for guitars\n\nDid you see or hear this definition earlier?\n\nPress 'Y' for YES\nPress 'N' for NO"
635.1506 	EXP 	recog_prompt: text = "A metal tongue for guitars\n\nDid you see or hear this definition earlier?\n\nPress 'Y' for YES\nPress 'N' for NO"
635.2311 	EXP 	Device response: <KeyPress from None: t=635.1345511000036, value=return, duration=0.0960826000009547>
635.6409 	INFO 	Keyboard events cleared
635.6407 	EXP 	recog_prompt: autoDraw = True
636.6707 	EXP 	Device response: <KeyPress from None: t=636.6625258000058, value=y, duration=None>
636.6713 	DATA 	Keypress: y
636.6805 	EXP 	recog_prompt: autoDraw = False
636.7713 	EXP 	Device response: <KeyPress from None: t=636.6625258000058, value=y, duration=0.10411139999632724>
637.1707 	INFO 	Keyboard events cleared
637.1705 	EXP 	source_prompt: autoDraw = True
637.5710 	EXP 	Device response: <KeyPress from None: t=637.566694400004, value=v, duration=None>
637.5720 	DATA 	Keypress: v
637.5804 	EXP 	source_prompt: autoDraw = False
637.6908 	EXP 	Device response: <KeyPress from None: t=637.566694400004, value=v, duration=0.12004670000169426>
638.0706 	INFO 	Keyboard events cleared
638.0704 	EXP 	rk_prompt: autoDraw = True
638.3608 	EXP 	Device response: <KeyPress from None: t=638.3591342, value=1, duration=None>
638.3612 	EXP 	New trial (rep=0, index=63): <Trial 63 (63 in rep 0) data={'definition': 'A pocket thunderbolt', 'word': 'BATTERY', 'old_new': 'old', 'correct_old_new': 'yes', 'thisN': 63, 'thisTrialN': 63, 'thisRepN': 0}>
638.3687 	DATA 	Keypress: 1
638.3704 	EXP 	rk_prompt: autoDraw = False
638.3704 	EXP 	recall_prompt: height = np.float64(0.04)
638.3704 	EXP 	recall_prompt: height = np.float64(0.04)
638.3704 	EXP 	recall_prompt: height = np.float64(0.04)
638.3704 	EXP 	recall_prompt: text = ''
638.3704 	EXP 	recall_prompt: height = np.float64(0.04)
638.3704 	EXP 	recall_prompt: height = np.float64(0.04)
638.3704 	EXP 	recall_prompt: height = np.float64(0.04)
638.3704 	EXP 	recall_prompt: text = 'A pocket thunderbolt\n\nType the word below and press ENTER to submit.'
638.4411 	EXP 	Device response: <KeyPress from None: t=638.3591342, value=1, duration=0.07956750000448665>
638.8601 	INFO 	Keyboard events cleared
638.8600 	EXP 	recall_prompt: autoDraw = True
638.8600 	EXP 	typed_response: autoDraw = True
640.3703 	EXP 	Device response: <KeyPress from None: t=640.3665825999997, value=f, duration=None>
640.3723 	DATA 	Keypress: f
640.5105 	EXP 	Device response: <KeyPress from None: t=640.3665825999997, value=f, duration=0.13586840000061784>
640.5427 	DATA 	Keypress: a
640.5501 	EXP 	Device response: <KeyPress from None: t=640.5424478000059, value=a, duration=None>
640.5800 	EXP 	Device response: <KeyPress from None: t=640.5424478000059, value=a, duration=0.03181709999626037>
641.0401 	EXP 	Device response: <KeyPress from None: t=641.0384943000026, value=backspace, duration=None>
641.0430 	DATA 	Keypress: backspace
641.1305 	EXP 	Device response: <KeyPress from None: t=641.0384943000026, value=backspace, duration=0.08812770000076853>
641.3027 	DATA 	Keypress: l
641.3099 	EXP 	Device response: <KeyPress from None: t=641.3023581000016, value=l, duration=None>
641.4099 	EXP 	Device response: <KeyPress from None: t=641.4063427000001, value=a, duration=None>
641.4121 	DATA 	Keypress: a
641.4399 	EXP 	Device response: <KeyPress from None: t=641.3023581000016, value=l, duration=0.12816400000156136>
641.4800 	EXP 	Device response: <KeyPress from None: t=641.4782625000007, value=s, duration=None>
641.4820 	DATA 	Keypress: s
641.5404 	EXP 	Device response: <KeyPress from None: t=641.4063427000001, value=a, duration=0.12832390000403393>
641.6200 	EXP 	Device response: <KeyPress from None: t=641.4782625000007, value=s, duration=0.13606550000258721>
641.6802 	EXP 	Device response: <KeyPress from None: t=641.6789499000006, value=h, duration=None>
641.6827 	DATA 	Keypress: h
641.8000 	EXP 	Device response: <KeyPress from None: t=641.6789499000006, value=h, duration=0.11127290000149515>
642.3299 	EXP 	Device response: <KeyPress from None: t=642.3263315000004, value=return, duration=None>
642.3358 	DATA 	Keypress: return
642.3396 	EXP 	recall_prompt: autoDraw = False
642.3396 	EXP 	typed_response: autoDraw = False
642.3396 	EXP 	recog_prompt: height = np.float64(0.04)
642.3396 	EXP 	recog_prompt: height = np.float64(0.04)
642.3396 	EXP 	recog_prompt: height = np.float64(0.04)
642.3396 	EXP 	recog_prompt: text = "A pocket thunderbolt\n\nDid you see or hear this definition earlier?\n\nPress 'Y' for YES\nPress 'N' for NO"
642.3396 	EXP 	recog_prompt: text = "A pocket thunderbolt\n\nDid you see or hear this definition earlier?\n\nPress 'Y' for YES\nPress 'N' for NO"
642.4602 	EXP 	Device response: <KeyPress from None: t=642.3263315000004, value=return, duration=0.1284086000014213>
642.8297 	INFO 	Keyboard events cleared
642.8296 	EXP 	recog_prompt: autoDraw = True
643.6702 	EXP 	Device response: <KeyPress from None: t=643.6627787000034, value=y, duration=None>
643.6714 	DATA 	Keypress: y
643.6797 	EXP 	recog_prompt: autoDraw = False
643.7801 	EXP 	Device response: <KeyPress from None: t=643.6627787000034, value=y, duration=0.11173129999951925>
644.1696 	INFO 	Keyboard events cleared
644.1695 	EXP 	source_prompt: autoDraw = True
645.0000 	EXP 	Device response: <KeyPress from None: t=644.9988798000049, value=v, duration=None>
645.0011 	DATA 	Keypress: v
645.0093 	EXP 	source_prompt: autoDraw = False
645.1098 	EXP 	Device response: <KeyPress from None: t=644.9988798000049, value=v, duration=0.10378719999425812>
645.4996 	INFO 	Keyboard events cleared
645.4995 	EXP 	rk_prompt: autoDraw = True
646.7898 	EXP 	Device response: <KeyPress from None: t=646.7826925000045, value=1, duration=None>
646.7903 	EXP 	New trial (rep=0, index=64): <Trial 64 (64 in rep 0) data={'definition': 'A rainbow bridge for cars', 'word': 'OVERPASS', 'old_new': 'old', 'correct_old_new': 'yes', 'thisN': 64, 'thisTrialN': 64, 'thisRepN': 0}>
646.7959 	DATA 	Keypress: 1
646.7991 	EXP 	rk_prompt: autoDraw = False
646.7991 	EXP 	recall_prompt: height = np.float64(0.04)
646.7991 	EXP 	recall_prompt: height = np.float64(0.04)
646.7991 	EXP 	recall_prompt: height = np.float64(0.04)
646.7991 	EXP 	recall_prompt: text = ''
646.7991 	EXP 	recall_prompt: height = np.float64(0.04)
646.7991 	EXP 	recall_prompt: height = np.float64(0.04)
646.7991 	EXP 	recall_prompt: height = np.float64(0.04)
646.7991 	EXP 	recall_prompt: text = 'A rainbow bridge for cars\n\nType the word below and press ENTER to submit.'
646.9095 	EXP 	Device response: <KeyPress from None: t=646.7826925000045, value=1, duration=0.11994079999567475>
647.2890 	INFO 	Keyboard events cleared
647.2890 	EXP 	recall_prompt: autoDraw = True
647.2890 	EXP 	typed_response: autoDraw = True
649.9489 	EXP 	Device response: <KeyPress from None: t=649.9423357000051, value=n, duration=None>
649.9513 	DATA 	Keypress: n
650.0314 	DATA 	Keypress: o
650.0391 	EXP 	Device response: <KeyPress from None: t=650.0302362000002, value=o, duration=None>
650.0891 	EXP 	Device response: <KeyPress from None: t=649.9423357000051, value=n, duration=0.14413979999517323>
650.1390 	EXP 	Device response: <KeyPress from None: t=650.0302362000002, value=o, duration=0.10422010000183946>
650.2890 	EXP 	Device response: <KeyPress from None: t=650.286772200001, value=return, duration=None>
650.2945 	DATA 	Keypress: return
650.2986 	EXP 	recall_prompt: autoDraw = False
650.2986 	EXP 	typed_response: autoDraw = False
650.2986 	EXP 	recog_prompt: height = np.float64(0.04)
650.2986 	EXP 	recog_prompt: height = np.float64(0.04)
650.2986 	EXP 	recog_prompt: height = np.float64(0.04)
650.2986 	EXP 	recog_prompt: text = "A rainbow bridge for cars\n\nDid you see or hear this definition earlier?\n\nPress 'Y' for YES\nPress 'N' for NO"
650.2986 	EXP 	recog_prompt: text = "A rainbow bridge for cars\n\nDid you see or hear this definition earlier?\n\nPress 'Y' for YES\nPress 'N' for NO"
650.4292 	EXP 	Device response: <KeyPress from None: t=650.286772200001, value=return, duration=0.136002200000803>
650.7890 	INFO 	Keyboard events cleared
650.7888 	EXP 	recog_prompt: autoDraw = True
651.2791 	EXP 	Device response: <KeyPress from None: t=651.2705885000032, value=n, duration=None>
651.2798 	EXP 	New trial (rep=0, index=65): <Trial 65 (65 in rep 0) data={'definition': 'A metal handshake for roads', 'word': 'INTERSECTION', 'old_new': 'new', 'correct_old_new': 'no', 'thisN': 65, 'thisTrialN': 65, 'thisRepN': 0}>
651.2877 	DATA 	Keypress: n
651.2893 	EXP 	recog_prompt: autoDraw = False
651.2893 	EXP 	source_prompt: autoDraw = False
651.2893 	EXP 	rk_prompt: autoDraw = False
651.2893 	EXP 	recall_prompt: height = np.float64(0.04)
651.2893 	EXP 	recall_prompt: height = np.float64(0.04)
651.2893 	EXP 	recall_prompt: height = np.float64(0.04)
651.2893 	EXP 	recall_prompt: text = ''
651.2893 	EXP 	recall_prompt: height = np.float64(0.04)
651.2893 	EXP 	recall_prompt: height = np.float64(0.04)
651.2893 	EXP 	recall_prompt: height = np.float64(0.04)
651.2893 	EXP 	recall_prompt: text = 'A metal handshake for roads\n\nType the word below and press ENTER to submit.'
651.3694 	EXP 	Device response: <KeyPress from None: t=651.2705885000032, value=n, duration=0.09612889999698382>
651.7791 	INFO 	Keyboard events cleared
651.7790 	EXP 	recall_prompt: autoDraw = True
651.7790 	EXP 	typed_response: autoDraw = True
655.0018 	DATA 	Keypress: o
655.0083 	EXP 	Device response: <KeyPress from None: t=654.9986589000036, value=o, duration=None>
655.1283 	EXP 	Device response: <KeyPress from None: t=654.9986589000036, value=o, duration=0.11964230000012321>
655.4583 	EXP 	Device response: <KeyPress from None: t=655.4545279000013, value=backspace, duration=None>
655.4608 	DATA 	Keypress: backspace
655.5582 	EXP 	Device response: <KeyPress from None: t=655.4545279000013, value=backspace, duration=0.09571239999786485>
655.6807 	DATA 	Keypress: n
655.6883 	EXP 	Device response: <KeyPress from None: t=655.6783582999997, value=n, duration=None>
655.7907 	DATA 	Keypress: o
655.7982 	EXP 	Device response: <KeyPress from None: t=655.7902711999996, value=o, duration=None>
655.8782 	EXP 	Device response: <KeyPress from None: t=655.6783582999997, value=n, duration=0.19219190000148956>
655.9082 	EXP 	Device response: <KeyPress from None: t=655.7902711999996, value=o, duration=0.11202269999921555>
656.1682 	EXP 	Device response: <KeyPress from None: t=656.1667090000046, value=return, duration=None>
656.1741 	DATA 	Keypress: return
656.1779 	EXP 	recall_prompt: autoDraw = False
656.1779 	EXP 	typed_response: autoDraw = False
656.1779 	EXP 	recog_prompt: height = np.float64(0.04)
656.1779 	EXP 	recog_prompt: height = np.float64(0.04)
656.1779 	EXP 	recog_prompt: height = np.float64(0.04)
656.1779 	EXP 	recog_prompt: text = "A metal handshake for roads\n\nDid you see or hear this definition earlier?\n\nPress 'Y' for YES\nPress 'N' for NO"
656.1779 	EXP 	recog_prompt: text = "A metal handshake for roads\n\nDid you see or hear this definition earlier?\n\nPress 'Y' for YES\nPress 'N' for NO"
656.2885 	EXP 	Device response: <KeyPress from None: t=656.1667090000046, value=return, duration=0.1202396000007866>
656.6681 	INFO 	Keyboard events cleared
656.6680 	EXP 	recog_prompt: autoDraw = True
657.0382 	EXP 	Device response: <KeyPress from None: t=657.0306567000007, value=n, duration=None>
657.0390 	EXP 	New trial (rep=0, index=66): <Trial 66 (66 in rep 0) data={'definition': 'A silent alarm for trees', 'word': 'LIGHTNING', 'old_new': 'new', 'correct_old_new': 'no', 'thisN': 66, 'thisTrialN': 66, 'thisRepN': 0}>
657.0469 	DATA 	Keypress: n
657.0485 	EXP 	recog_prompt: autoDraw = False
657.0485 	EXP 	source_prompt: autoDraw = False
657.0485 	EXP 	rk_prompt: autoDraw = False
657.0485 	EXP 	recall_prompt: height = np.float64(0.04)
657.0485 	EXP 	recall_prompt: height = np.float64(0.04)
657.0485 	EXP 	recall_prompt: height = np.float64(0.04)
657.0485 	EXP 	recall_prompt: text = ''
657.0485 	EXP 	recall_prompt: height = np.float64(0.04)
657.0485 	EXP 	recall_prompt: height = np.float64(0.04)
657.0485 	EXP 	recall_prompt: height = np.float64(0.04)
657.0485 	EXP 	recall_prompt: text = 'A silent alarm for trees\n\nType the word below and press ENTER to submit.'
657.1387 	EXP 	Device response: <KeyPress from None: t=657.0306567000007, value=n, duration=0.10392900000442751>
657.5378 	INFO 	Keyboard events cleared
657.5377 	EXP 	recall_prompt: autoDraw = True
657.5377 	EXP 	typed_response: autoDraw = True
658.9777 	EXP 	Device response: <KeyPress from None: t=658.9743454000054, value=n, duration=None>
658.9799 	DATA 	Keypress: n
659.0779 	EXP 	Device response: <KeyPress from None: t=659.0704968999999, value=o, duration=None>
659.0807 	DATA 	Keypress: o
659.1478 	EXP 	Device response: <KeyPress from None: t=658.9743454000054, value=n, duration=0.16801469999336405>
659.1979 	EXP 	Device response: <KeyPress from None: t=659.0704968999999, value=o, duration=0.11963839999953052>
659.6177 	EXP 	Device response: <KeyPress from None: t=659.6145399000015, value=return, duration=None>
659.6233 	DATA 	Keypress: return
659.6275 	EXP 	recall_prompt: autoDraw = False
659.6275 	EXP 	typed_response: autoDraw = False
659.6275 	EXP 	recog_prompt: height = np.float64(0.04)
659.6275 	EXP 	recog_prompt: height = np.float64(0.04)
659.6275 	EXP 	recog_prompt: height = np.float64(0.04)
659.6275 	EXP 	recog_prompt: text = "A silent alarm for trees\n\nDid you see or hear this definition earlier?\n\nPress 'Y' for YES\nPress 'N' for NO"
659.6275 	EXP 	recog_prompt: text = "A silent alarm for trees\n\nDid you see or hear this definition earlier?\n\nPress 'Y' for YES\nPress 'N' for NO"
659.7481 	EXP 	Device response: <KeyPress from None: t=659.6145399000015, value=return, duration=0.12798990000010235>
660.1178 	INFO 	Keyboard events cleared
660.1176 	EXP 	recog_prompt: autoDraw = True
660.2180 	EXP 	Device response: <KeyPress from None: t=660.2146801999988, value=n, duration=None>
660.2187 	EXP 	New trial (rep=0, index=67): <Trial 67 (67 in rep 0) data={'definition': 'A metal heartbeat', 'word': 'ENGINE', 'old_new': 'new', 'correct_old_new': 'no', 'thisN': 67, 'thisTrialN': 67, 'thisRepN': 0}>
660.2275 	DATA 	Keypress: n
660.2294 	EXP 	recog_prompt: autoDraw = False
660.2294 	EXP 	source_prompt: autoDraw = False
660.2294 	EXP 	rk_prompt: autoDraw = False
660.2294 	EXP 	recall_prompt: height = np.float64(0.04)
660.2294 	EXP 	recall_prompt: height = np.float64(0.04)
660.2294 	EXP 	recall_prompt: height = np.float64(0.04)
660.2294 	EXP 	recall_prompt: text = ''
660.2294 	EXP 	recall_prompt: height = np.float64(0.04)
660.2294 	EXP 	recall_prompt: height = np.float64(0.04)
660.2294 	EXP 	recall_prompt: height = np.float64(0.04)
660.2294 	EXP 	recall_prompt: text = 'A metal heartbeat\n\nType the word below and press ENTER to submit.'
660.3184 	EXP 	Device response: <KeyPress from None: t=660.2146801999988, value=n, duration=0.0958909000037238>
660.7174 	INFO 	Keyboard events cleared
660.7173 	EXP 	recall_prompt: autoDraw = True
660.7173 	EXP 	typed_response: autoDraw = True
662.1573 	EXP 	Device response: <KeyPress from None: t=662.1502226000011, value=n, duration=None>
662.1593 	DATA 	Keypress: n
662.2674 	EXP 	Device response: <KeyPress from None: t=662.2623581000007, value=o, duration=None>
662.2694 	DATA 	Keypress: o
662.3276 	EXP 	Device response: <KeyPress from None: t=662.1502226000011, value=n, duration=0.17639849999977741>
662.3773 	EXP 	Device response: <KeyPress from None: t=662.2623581000007, value=o, duration=0.11190850000275532>
662.5574 	EXP 	Device response: <KeyPress from None: t=662.5502941000013, value=return, duration=None>
662.5627 	DATA 	Keypress: return
662.5671 	EXP 	recall_prompt: autoDraw = False
662.5671 	EXP 	typed_response: autoDraw = False
662.5671 	EXP 	recog_prompt: height = np.float64(0.04)
662.5671 	EXP 	recog_prompt: height = np.float64(0.04)
662.5671 	EXP 	recog_prompt: height = np.float64(0.04)
662.5671 	EXP 	recog_prompt: text = "A metal heartbeat\n\nDid you see or hear this definition earlier?\n\nPress 'Y' for YES\nPress 'N' for NO"
662.5671 	EXP 	recog_prompt: text = "A metal heartbeat\n\nDid you see or hear this definition earlier?\n\nPress 'Y' for YES\nPress 'N' for NO"
662.6678 	EXP 	Device response: <KeyPress from None: t=662.5502941000013, value=return, duration=0.11235940000187838>
663.0575 	INFO 	Keyboard events cleared
663.0574 	EXP 	recog_prompt: autoDraw = True
663.1481 	EXP 	Device response: <KeyPress from None: t=663.142806900003, value=n, duration=None>
663.1485 	EXP 	New trial (rep=0, index=68): <Trial 68 (68 in rep 0) data={'definition': 'A paper forest', 'word': 'NEWSPAPER', 'old_new': 'old', 'correct_old_new': 'yes', 'thisN': 68, 'thisTrialN': 68, 'thisRepN': 0}>
663.1530 	DATA 	Keypress: n
663.1572 	EXP 	recog_prompt: autoDraw = False
663.1572 	EXP 	source_prompt: autoDraw = False
663.1572 	EXP 	rk_prompt: autoDraw = False
663.1572 	EXP 	recall_prompt: height = np.float64(0.04)
663.1572 	EXP 	recall_prompt: height = np.float64(0.04)
663.1572 	EXP 	recall_prompt: height = np.float64(0.04)
663.1572 	EXP 	recall_prompt: text = ''
663.1572 	EXP 	recall_prompt: height = np.float64(0.04)
663.1572 	EXP 	recall_prompt: height = np.float64(0.04)
663.1572 	EXP 	recall_prompt: height = np.float64(0.04)
663.1572 	EXP 	recall_prompt: text = 'A paper forest\n\nType the word below and press ENTER to submit.'
663.2677 	EXP 	Device response: <KeyPress from None: t=663.142806900003, value=n, duration=0.11985170000116341>
663.6470 	INFO 	Keyboard events cleared
663.6470 	EXP 	recall_prompt: autoDraw = True
663.6470 	EXP 	typed_response: autoDraw = True
665.5591 	DATA 	Keypress: n
665.5670 	EXP 	Device response: <KeyPress from None: t=665.5583637000018, value=n, duration=None>
665.6671 	EXP 	Device response: <KeyPress from None: t=665.5583637000018, value=n, duration=0.1039805999971577>
665.7374 	EXP 	Device response: <KeyPress from None: t=665.7345028000054, value=e, duration=None>
665.7422 	DATA 	Keypress: e
665.8770 	EXP 	Device response: <KeyPress from None: t=665.8702610000037, value=w, duration=None>
665.8792 	DATA 	Keypress: w
665.9168 	EXP 	Device response: <KeyPress from None: t=665.7345028000054, value=e, duration=0.17569910000020172>
666.0070 	EXP 	Device response: <KeyPress from None: t=665.8702610000037, value=w, duration=0.1280488999982481>
666.3471 	EXP 	Device response: <KeyPress from None: t=666.3423817000003, value=s, duration=None>
666.3498 	DATA 	Keypress: s
666.4470 	EXP 	Device response: <KeyPress from None: t=666.3423817000003, value=s, duration=0.09588430000439985>
666.6068 	EXP 	Device response: <KeyPress from None: t=666.6064571000024, value=p, duration=None>
666.6087 	DATA 	Keypress: p
666.7190 	DATA 	Keypress: a
666.7267 	EXP 	Device response: <KeyPress from None: t=666.7182405000058, value=a, duration=None>
666.7267 	EXP 	Device response: <KeyPress from None: t=666.6064571000024, value=p, duration=0.11976490000233753>
666.8389 	DATA 	Keypress: p
666.8467 	EXP 	Device response: <KeyPress from None: t=666.7182405000058, value=a, duration=0.12014869999984512>
666.8467 	EXP 	Device response: <KeyPress from None: t=666.8383892000056, value=p, duration=None>
666.9368 	EXP 	Device response: <KeyPress from None: t=666.8383892000056, value=p, duration=0.09587169999576872>
666.9968 	EXP 	Device response: <KeyPress from None: t=666.9903823000059, value=e, duration=None>
666.9996 	DATA 	Keypress: e
667.0868 	EXP 	Device response: <KeyPress from None: t=667.0862254000021, value=r, duration=None>
667.0884 	DATA 	Keypress: r
667.1070 	EXP 	Device response: <KeyPress from None: t=666.9903823000059, value=e, duration=0.11212529999465914>
667.1866 	EXP 	Device response: <KeyPress from None: t=667.0862254000021, value=r, duration=0.09608200000366196>
667.5287 	DATA 	Keypress: return
667.5367 	EXP 	Device response: <KeyPress from None: t=667.5265339000034, value=return, duration=None>
667.5465 	EXP 	recall_prompt: autoDraw = False
667.5465 	EXP 	typed_response: autoDraw = False
667.5465 	EXP 	recog_prompt: height = np.float64(0.04)
667.5465 	EXP 	recog_prompt: height = np.float64(0.04)
667.5465 	EXP 	recog_prompt: height = np.float64(0.04)
667.5465 	EXP 	recog_prompt: text = "A paper forest\n\nDid you see or hear this definition earlier?\n\nPress 'Y' for YES\nPress 'N' for NO"
667.5465 	EXP 	recog_prompt: text = "A paper forest\n\nDid you see or hear this definition earlier?\n\nPress 'Y' for YES\nPress 'N' for NO"
667.6569 	EXP 	Device response: <KeyPress from None: t=667.5265339000034, value=return, duration=0.12045639999996638>
668.0368 	INFO 	Keyboard events cleared
668.0366 	EXP 	recog_prompt: autoDraw = True
669.7769 	EXP 	Device response: <KeyPress from None: t=669.7745999000035, value=y, duration=None>
669.7778 	DATA 	Keypress: y
669.7863 	EXP 	recog_prompt: autoDraw = False
669.8969 	EXP 	Device response: <KeyPress from None: t=669.7745999000035, value=y, duration=0.12045589999615913>
670.2764 	INFO 	Keyboard events cleared
670.2762 	EXP 	source_prompt: autoDraw = True
670.3571 	EXP 	Device response: <KeyPress from None: t=670.3507720999987, value=a, duration=None>
670.3580 	DATA 	Keypress: a
670.3663 	EXP 	source_prompt: autoDraw = False
670.4572 	EXP 	Device response: <KeyPress from None: t=670.3507720999987, value=a, duration=0.1040558000022429>
670.8570 	INFO 	Keyboard events cleared
670.8568 	EXP 	rk_prompt: autoDraw = True
672.0367 	EXP 	Device response: <KeyPress from None: t=672.0305961000049, value=1, duration=None>
672.0371 	EXP 	New trial (rep=0, index=69): <Trial 69 (69 in rep 0) data={'definition': 'A glass prison for fish', 'word': 'AQUARIUM', 'old_new': 'new', 'correct_old_new': 'no', 'thisN': 69, 'thisTrialN': 69, 'thisRepN': 0}>
672.0423 	DATA 	Keypress: 1
672.0458 	EXP 	rk_prompt: autoDraw = False
672.0458 	EXP 	recall_prompt: height = np.float64(0.04)
672.0458 	EXP 	recall_prompt: height = np.float64(0.04)
672.0458 	EXP 	recall_prompt: height = np.float64(0.04)
672.0458 	EXP 	recall_prompt: text = ''
672.0458 	EXP 	recall_prompt: height = np.float64(0.04)
672.0458 	EXP 	recall_prompt: height = np.float64(0.04)
672.0458 	EXP 	recall_prompt: height = np.float64(0.04)
672.0458 	EXP 	recall_prompt: text = 'A glass prison for fish\n\nType the word below and press ENTER to submit.'
672.1369 	EXP 	Device response: <KeyPress from None: t=672.0305961000049, value=1, duration=0.1043504999979632>
672.5360 	INFO 	Keyboard events cleared
672.5360 	EXP 	recall_prompt: autoDraw = True
672.5360 	EXP 	typed_response: autoDraw = True
676.3659 	EXP 	Device response: <KeyPress from None: t=676.3583823000008, value=n, duration=None>
676.3680 	DATA 	Keypress: n
676.4655 	EXP 	Device response: <KeyPress from None: t=676.4622183000029, value=o, duration=None>
676.4672 	DATA 	Keypress: o
676.5255 	EXP 	Device response: <KeyPress from None: t=676.3583823000008, value=n, duration=0.15997539999807486>
676.5756 	EXP 	Device response: <KeyPress from None: t=676.4622183000029, value=o, duration=0.104234099999303>
676.6956 	EXP 	Device response: <KeyPress from None: t=676.6944074999992, value=return, duration=None>
676.7015 	DATA 	Keypress: return
676.7053 	EXP 	recall_prompt: autoDraw = False
676.7053 	EXP 	typed_response: autoDraw = False
676.7053 	EXP 	recog_prompt: height = np.float64(0.04)
676.7053 	EXP 	recog_prompt: height = np.float64(0.04)
676.7053 	EXP 	recog_prompt: height = np.float64(0.04)
676.7053 	EXP 	recog_prompt: text = "A glass prison for fish\n\nDid you see or hear this definition earlier?\n\nPress 'Y' for YES\nPress 'N' for NO"
676.7053 	EXP 	recog_prompt: text = "A glass prison for fish\n\nDid you see or hear this definition earlier?\n\nPress 'Y' for YES\nPress 'N' for NO"
676.8259 	EXP 	Device response: <KeyPress from None: t=676.6944074999992, value=return, duration=0.12835190000623697>
677.1957 	INFO 	Keyboard events cleared
677.1956 	EXP 	recog_prompt: autoDraw = True
678.1672 	DATA 	Keypress: n
678.1760 	EXP 	Device response: <KeyPress from None: t=678.1664609, value=n, duration=None>
678.1765 	EXP 	New trial (rep=0, index=70): <Trial 70 (70 in rep 0) data={'definition': 'A metal river snake', 'word': 'PIPE', 'old_new': 'old', 'correct_old_new': 'yes', 'thisN': 70, 'thisTrialN': 70, 'thisRepN': 0}>
678.1852 	EXP 	recog_prompt: autoDraw = False
678.1852 	EXP 	source_prompt: autoDraw = False
678.1852 	EXP 	rk_prompt: autoDraw = False
678.1852 	EXP 	recall_prompt: height = np.float64(0.04)
678.1852 	EXP 	recall_prompt: height = np.float64(0.04)
678.1852 	EXP 	recall_prompt: height = np.float64(0.04)
678.1852 	EXP 	recall_prompt: text = ''
678.1852 	EXP 	recall_prompt: height = np.float64(0.04)
678.1852 	EXP 	recall_prompt: height = np.float64(0.04)
678.1852 	EXP 	recall_prompt: height = np.float64(0.04)
678.1852 	EXP 	recall_prompt: text = 'A metal river snake\n\nType the word below and press ENTER to submit.'
678.2565 	EXP 	Device response: <KeyPress from None: t=678.1664609, value=n, duration=0.0883319999993546>
678.6752 	INFO 	Keyboard events cleared
678.6751 	EXP 	recall_prompt: autoDraw = True
678.6751 	EXP 	typed_response: autoDraw = True
696.2733 	EXP 	Device response: <KeyPress from None: t=696.2702229999995, value=d, duration=None>
696.2755 	DATA 	Keypress: d
696.3831 	EXP 	Device response: <KeyPress from None: t=696.2702229999995, value=d, duration=0.11215000000083819>
697.1128 	EXP 	Device response: <KeyPress from None: t=697.1102683999998, value=o, duration=None>
697.1142 	DATA 	Keypress: o
697.2031 	EXP 	Device response: <KeyPress from None: t=697.1102683999998, value=o, duration=0.08792660000472097>
697.3131 	EXP 	Device response: <KeyPress from None: t=697.3103332000028, value=n, duration=None>
697.3151 	DATA 	Keypress: n
697.4031 	EXP 	Device response: <KeyPress from None: t=697.3103332000028, value=n, duration=0.0878720999971847>
697.7128 	EXP 	Device response: <KeyPress from None: t=697.7102369000058, value=t, duration=None>
697.7145 	DATA 	Keypress: t
697.8233 	EXP 	Device response: <KeyPress from None: t=697.7102369000058, value=t, duration=0.11225269999704324>
698.6951 	DATA 	Keypress: backspace
698.7031 	EXP 	Device response: <KeyPress from None: t=698.6945263000016, value=backspace, duration=None>
698.8229 	EXP 	Device response: <KeyPress from None: t=698.6945263000016, value=backspace, duration=0.11979350000183331>
699.7526 	EXP 	Device response: <KeyPress from None: t=699.7502363000021, value=pound, duration=None>
699.7546 	DATA 	Keypress: apostrophe
699.8427 	EXP 	Device response: <KeyPress from None: t=699.7502363000021, value=pound, duration=0.08806080000067595>
699.8929 	EXP 	Device response: <KeyPress from None: t=699.8863502000022, value=t, duration=None>
699.8954 	DATA 	Keypress: t
700.0227 	EXP 	Device response: <KeyPress from None: t=699.8863502000022, value=t, duration=0.1280419000031543>
700.0929 	EXP 	Device response: <KeyPress from None: t=700.0862841999988, value=space, duration=None>
700.0959 	DATA 	Keypress: space
700.2126 	EXP 	Device response: <KeyPress from None: t=700.0862841999988, value=space, duration=0.11992040000041015>
700.2326 	EXP 	Device response: <KeyPress from None: t=700.2302019000053, value=r, duration=None>
700.2347 	DATA 	Keypress: r
700.3525 	EXP 	Device response: <KeyPress from None: t=700.3503870000059, value=e, duration=None>
700.3540 	DATA 	Keypress: e
700.3825 	EXP 	Device response: <KeyPress from None: t=700.2302019000053, value=r, duration=0.1520412999961991>
700.4326 	EXP 	Device response: <KeyPress from None: t=700.4304128000003, value=m, duration=None>
700.4347 	DATA 	Keypress: m
700.4725 	EXP 	Device response: <KeyPress from None: t=700.3503870000059, value=e, duration=0.11190269999497104>
700.5327 	EXP 	Device response: <KeyPress from None: t=700.4304128000003, value=m, duration=0.09575670000049286>
701.3525 	EXP 	Device response: <KeyPress from None: t=701.3507086000027, value=e, duration=None>
701.3548 	DATA 	Keypress: e
701.4531 	EXP 	Device response: <KeyPress from None: t=701.3507086000027, value=e, duration=0.09583530000236351>
701.8326 	EXP 	Device response: <KeyPress from None: t=701.8305681999991, value=m, duration=None>
701.8347 	DATA 	Keypress: m
701.8829 	EXP 	Device response: <KeyPress from None: t=701.8305681999991, value=m, duration=0.04809709999972256>
702.0025 	EXP 	Device response: <KeyPress from None: t=701.998457200003, value=b, duration=None>
702.0042 	DATA 	Keypress: b
702.1427 	EXP 	Device response: <KeyPress from None: t=701.998457200003, value=b, duration=0.13580350000120234>
702.2646 	DATA 	Keypress: e
702.2724 	EXP 	Device response: <KeyPress from None: t=702.262538300005, value=e, duration=None>
702.3222 	EXP 	Device response: <KeyPress from None: t=702.3181979000001, value=r, duration=None>
702.3239 	DATA 	Keypress: r
702.3825 	EXP 	Device response: <KeyPress from None: t=702.262538300005, value=e, duration=0.11969979999412317>
702.4425 	EXP 	Device response: <KeyPress from None: t=702.3181979000001, value=r, duration=0.12024450000171782>
702.8124 	EXP 	Device response: <KeyPress from None: t=702.8064511000048, value=return, duration=None>
702.8183 	DATA 	Keypress: return
702.8222 	EXP 	recall_prompt: autoDraw = False
702.8222 	EXP 	typed_response: autoDraw = False
702.8222 	EXP 	recog_prompt: height = np.float64(0.04)
702.8222 	EXP 	recog_prompt: height = np.float64(0.04)
702.8222 	EXP 	recog_prompt: height = np.float64(0.04)
702.8222 	EXP 	recog_prompt: text = "A metal river snake\n\nDid you see or hear this definition earlier?\n\nPress 'Y' for YES\nPress 'N' for NO"
702.8222 	EXP 	recog_prompt: text = "A metal river snake\n\nDid you see or hear this definition earlier?\n\nPress 'Y' for YES\nPress 'N' for NO"
702.9225 	EXP 	Device response: <KeyPress from None: t=702.8064511000048, value=return, duration=0.11218440000084229>
703.3124 	INFO 	Keyboard events cleared
703.3123 	EXP 	recog_prompt: autoDraw = True
704.7842 	DATA 	Keypress: y
704.7922 	EXP 	Device response: <KeyPress from None: t=704.7829626000021, value=y, duration=None>
704.8019 	EXP 	recog_prompt: autoDraw = False
704.8924 	EXP 	Device response: <KeyPress from None: t=704.7829626000021, value=y, duration=0.10369319999881554>
705.2925 	INFO 	Keyboard events cleared
705.2923 	EXP 	source_prompt: autoDraw = True
709.7622 	EXP 	Device response: <KeyPress from None: t=709.7589517000015, value=v, duration=None>
709.7632 	DATA 	Keypress: v
709.7712 	EXP 	source_prompt: autoDraw = False
709.8517 	EXP 	Device response: <KeyPress from None: t=709.7589517000015, value=v, duration=0.08761880000383826>
710.2616 	INFO 	Keyboard events cleared
710.2614 	EXP 	rk_prompt: autoDraw = True
711.4116 	EXP 	Device response: <KeyPress from None: t=711.4064626000036, value=2, duration=None>
711.4120 	EXP 	New trial (rep=0, index=71): <Trial 71 (71 in rep 0) data={'definition': 'A portable thundercloud', 'word': 'DRUM', 'old_new': 'old', 'correct_old_new': 'yes', 'thisN': 71, 'thisTrialN': 71, 'thisRepN': 0}>
711.4173 	DATA 	Keypress: 2
711.4208 	EXP 	rk_prompt: autoDraw = False
711.4208 	EXP 	recall_prompt: height = np.float64(0.04)
711.4208 	EXP 	recall_prompt: height = np.float64(0.04)
711.4208 	EXP 	recall_prompt: height = np.float64(0.04)
711.4208 	EXP 	recall_prompt: text = ''
711.4208 	EXP 	recall_prompt: height = np.float64(0.04)
711.4208 	EXP 	recall_prompt: height = np.float64(0.04)
711.4208 	EXP 	recall_prompt: height = np.float64(0.04)
711.4208 	EXP 	recall_prompt: text = 'A portable thundercloud\n\nType the word below and press ENTER to submit.'
711.4923 	EXP 	Device response: <KeyPress from None: t=711.4064626000036, value=2, duration=0.0807178999966709>
711.9110 	INFO 	Keyboard events cleared
711.9109 	EXP 	recall_prompt: autoDraw = True
711.9109 	EXP 	typed_response: autoDraw = True
715.3707 	EXP 	Device response: <KeyPress from None: t=715.3662562000027, value=n, duration=None>
715.3729 	DATA 	Keypress: n
715.4809 	EXP 	Device response: <KeyPress from None: t=715.478518200005, value=o, duration=None>
715.4836 	DATA 	Keypress: o
715.5407 	EXP 	Device response: <KeyPress from None: t=715.3662562000027, value=n, duration=0.1680800000031013>
715.5809 	EXP 	Device response: <KeyPress from None: t=715.478518200005, value=o, duration=0.09608309999748599>
715.7026 	DATA 	Keypress: return
715.7107 	EXP 	Device response: <KeyPress from None: t=715.7022496999998, value=return, duration=None>
715.7204 	EXP 	recall_prompt: autoDraw = False
715.7204 	EXP 	typed_response: autoDraw = False
715.7204 	EXP 	recog_prompt: height = np.float64(0.04)
715.7204 	EXP 	recog_prompt: height = np.float64(0.04)
715.7204 	EXP 	recog_prompt: height = np.float64(0.04)
715.7204 	EXP 	recog_prompt: text = "A portable thundercloud\n\nDid you see or hear this definition earlier?\n\nPress 'Y' for YES\nPress 'N' for NO"
715.7204 	EXP 	recog_prompt: text = "A portable thundercloud\n\nDid you see or hear this definition earlier?\n\nPress 'Y' for YES\nPress 'N' for NO"
715.8111 	EXP 	Device response: <KeyPress from None: t=715.7022496999998, value=return, duration=0.10427980000531534>
716.2110 	INFO 	Keyboard events cleared
716.2109 	EXP 	recog_prompt: autoDraw = True
716.5810 	EXP 	Device response: <KeyPress from None: t=716.5751679000023, value=n, duration=None>
716.5836 	DATA 	Keypress: n
716.5905 	INFO 	Keyboard events cleared
716.5904 	EXP 	recog_prompt: autoDraw = False
716.5904 	EXP 	source_prompt: autoDraw = False
716.5904 	EXP 	rk_prompt: autoDraw = False
716.5904 	EXP 	text_2: autoDraw = True
716.6707 	EXP 	Device response: <KeyPress from None: t=716.5751679000023, value=n, duration=0.08740779999789083>
717.7524 	DATA 	Keypress: space
717.7610 	EXP 	Device response: <KeyPress from None: t=717.7510817000002, value=space, duration=None>
717.7703 	EXP 	text_2: autoDraw = False
717.7706 	EXP 	retrieval_30min: status = STOPPED
717.8007 	INFO 	saved data to 'D:\\Remember_Know\\data\\ww_retrieval_30min_2026-03-24_12h15.32.218.csv'
717.8016 	INFO 	saved data to D:\Remember_Know\data\ww_retrieval_30min_2026-03-24_12h15.32.218.psydat
718.1460 	WARNING 	Stopping key buffers but this could be dangerous ifother keyboards rely on the same.
718.1532 	WARNING 	Stopping key buffers but this could be dangerous ifother keyboards rely on the same.
718.1532 	WARNING 	Stopping key buffers but this could be dangerous ifother keyboards rely on the same.
718.1532 	WARNING 	Stopping key buffers but this could be dangerous ifother keyboards rely on the same.
718.1532 	WARNING 	Stopping key buffers but this could be dangerous ifother keyboards rely on the same.
718.1532 	WARNING 	Stopping key buffers but this could be dangerous ifother keyboards rely on the same.
718.1532 	WARNING 	Stopping key buffers but this could be dangerous ifother keyboards rely on the same.
718.1532 	WARNING 	Stopping key buffers but this could be dangerous ifother keyboards rely on the same.
718.1532 	WARNING 	Stopping key buffers but this could be dangerous ifother keyboards rely on the same.
718.1532 	WARNING 	Stopping key buffers but this could be dangerous ifother keyboards rely on the same.
718.1533 	WARNING 	Stopping key buffers but this could be dangerous ifother keyboards rely on the same.
718.1533 	WARNING 	Stopping key buffers but this could be dangerous ifother keyboards rely on the same.
718.1533 	WARNING 	Stopping key buffers but this could be dangerous ifother keyboards rely on the same.
718.1533 	WARNING 	Stopping key buffers but this could be dangerous ifother keyboards rely on the same.
